claim_id,page_urls,source_file,json_pointer,current_text,current_assessment,evidence_tier,source_urls,scope,checked_at,game_context,version_limit
guides/skill-gems:1,https://poe2-build-navi-jp.github.io/guides/skill-gems/,data/guides.json,/0/summary,Uncut Skill Gemを手に入れたら、主力に使うか・今のLvで使えるかを確かめてから作ります。,editorial_advice,editorial,,"This is a location-level evidence record, not a whole-page or gameplay certification.",2026-10-06 JST,0.5.5; official latest patch checked 0.5.5e (stage-tabs-2026-10-06.json addendum; claim check date unchanged),"A cited historical patch, extracted tooltip or creator guide does not certify every current variant."
guides/skill-gems:2,https://poe2-build-navi-jp.github.io/guides/skill-gems/,data/guides.json,/0/details/0,PoE2のスキルジェムは、敵を倒して手に入るUncut Skill Gem（未加工のスキルジェム）から、自分で好きなスキルを選んで作ります。作ったジェムはスキルパネルにはめると使えるようになり、キーに割り当てて使います。,secondary_corroborated,secondary,https://www.poe2wiki.net/wiki/Engrave,"This is a location-level evidence record, not a whole-page or gameplay certification.",2026-10-06 JST,0.5.5; official latest patch checked 0.5.5e (stage-tabs-2026-10-06.json addendum; claim check date unchanged),"A cited historical patch, extracted tooltip or creator guide does not certify every current variant."
guides/skill-gems:3,https://poe2-build-navi-jp.github.io/guides/skill-gems/,data/guides.json,/0/details/1,迷いやすいのは「どのスキルを作るか」と「手に入ったUncut Skill Gemをどこに使うか」です。このページでは、作る前の確認と使い道の順番をまとめます。用語の意味だけを知りたい場合は、用語辞典の「スキルジェム」を見てください。,editorial_advice,editorial,,"This is a location-level evidence record, not a whole-page or gameplay certification.",2026-10-06 JST,0.5.5; official latest patch checked 0.5.5e (stage-tabs-2026-10-06.json addendum; claim check date unchanged),"A cited historical patch, extracted tooltip or creator guide does not certify every current variant."
guides/skill-gems:4,https://poe2-build-navi-jp.github.io/guides/skill-gems/,data/guides.json,/0/sections/0/bullets/0,使うと、スキルを選ぶ画面（Gemcutting）が開く。一覧は自分の職業に合うカテゴリから順に並ぶ。,secondary_corroborated,secondary,https://www.poe2wiki.net/wiki/Engrave,"This is a location-level evidence record, not a whole-page or gameplay certification.",2026-10-06 JST,0.5.5; official latest patch checked 0.5.5e (stage-tabs-2026-10-06.json addendum; claim check date unchanged),"A cited historical patch, extracted tooltip or creator guide does not certify every current variant."
guides/skill-gems:5,https://poe2-build-navi-jp.github.io/guides/skill-gems/,data/guides.json,/0/sections/0/bullets/1,作ったジェムのレベルは、使ったUncut Skill Gemのレベルになる。,secondary_corroborated,secondary,https://www.poe2wiki.net/wiki/Engrave,"This is a location-level evidence record, not a whole-page or gameplay certification.",2026-10-06 JST,0.5.5; official latest patch checked 0.5.5e (stage-tabs-2026-10-06.json addendum; claim check date unchanged),"A cited historical patch, extracted tooltip or creator guide does not certify every current variant."
guides/skill-gems:6,https://poe2-build-navi-jp.github.io/guides/skill-gems/,data/guides.json,/0/sections/0/bullets/2,作ったジェムは、別のUncut Skill Gemを使ってレベル20まで上げられる。装備中のジェムは「Equipped Gems」の欄から選べる。,supported,extracted_game_data / official_GGG,https://poe2db.tw/us/Uncut_Skill_Gems | https://www.pathofexile.com/forum/view-thread/3762929/filter-account-type/staff,出典の範囲内で文言を確認。実測・全構成の保証ではありません。,2026-10-06 JST,0.5.5; official latest patch checked 0.5.5e (stage-tabs-2026-10-06.json addendum; claim check date unchanged),"A cited historical patch, extracted tooltip or creator guide does not certify every current variant."
guides/skill-gems:7,https://poe2-build-navi-jp.github.io/guides/skill-gems/,data/guides.json,/0/sections/0/bullets/3,メインのスキル枠では、原則として同じスキルジェムを2つ同時にはめられない（0.3.0で変更）。装備が付与するスキルや、常駐バフのジェム内にはめたスキルはこの制限の対象外。スペクターとテイムビーストは、異なる種類のモンスターなら複数のジェムを使える。,confirmed_as_scoped,official_GGG,https://www.pathofexile.com/forum/view-thread/3826682/filter-account-type/staff,Mechanics group 2: Duplicate main skill gems and exceptions. Current extracted data lacks an explicit game-build stamp; official statements retain their cited patch scope.,2026-10-06 JST,0.5.5; official latest patch checked 0.5.5e (stage-tabs-2026-10-06.json addendum; claim check date unchanged),"A cited historical patch, extracted tooltip or creator guide does not certify every current variant."
guides/skill-gems:8,https://poe2-build-navi-jp.github.io/guides/skill-gems/,data/guides.json,/0/sections/1/paragraphs/0,Gemcuttingの一覧では、スキルがジェムのレベル（ローマ数字）ごとに分かれています。Path of Exile 2 Wikiの一覧に載っている、それぞれの必要キャラクターLvは次のとおりです。,secondary_corroborated,secondary,https://www.poe2wiki.net/wiki/Engrave,"This is a location-level evidence record, not a whole-page or gameplay certification.",2026-10-06 JST,0.5.5; official latest patch checked 0.5.5e (stage-tabs-2026-10-06.json addendum; claim check date unchanged),"A cited historical patch, extracted tooltip or creator guide does not certify every current variant."
guides/skill-gems:9,https://poe2-build-navi-jp.github.io/guides/skill-gems/,data/guides.json,/0/sections/1/bullets/0,レベルI：Lv1,secondary_corroborated,extracted_game_data / secondary,https://poe2db.tw/us/Shield_Wall | https://www.poe2wiki.net/wiki/Gem,Mechanics group 3: Skill-gem level/attribute requirements and listed level breakpoints. Current extracted data lacks an explicit game-build stamp; official statements retain their cited patch scope.,2026-10-06 JST,0.5.5; official latest patch checked 0.5.5e (stage-tabs-2026-10-06.json addendum; claim check date unchanged),"A cited historical patch, extracted tooltip or creator guide does not certify every current variant."
guides/skill-gems:10,https://poe2-build-navi-jp.github.io/guides/skill-gems/,data/guides.json,/0/sections/1/bullets/1,レベルIII：Lv6,secondary_corroborated,extracted_game_data / secondary,https://poe2db.tw/us/Shield_Wall | https://www.poe2wiki.net/wiki/Gem,Mechanics group 3: Skill-gem level/attribute requirements and listed level breakpoints. Current extracted data lacks an explicit game-build stamp; official statements retain their cited patch scope.,2026-10-06 JST,0.5.5; official latest patch checked 0.5.5e (stage-tabs-2026-10-06.json addendum; claim check date unchanged),"A cited historical patch, extracted tooltip or creator guide does not certify every current variant."
guides/skill-gems:11,https://poe2-build-navi-jp.github.io/guides/skill-gems/,data/guides.json,/0/sections/1/bullets/2,レベルV：Lv14,secondary_corroborated,extracted_game_data / secondary,https://poe2db.tw/us/Shield_Wall | https://www.poe2wiki.net/wiki/Gem,Mechanics group 3: Skill-gem level/attribute requirements and listed level breakpoints. Current extracted data lacks an explicit game-build stamp; official statements retain their cited patch scope.,2026-10-06 JST,0.5.5; official latest patch checked 0.5.5e (stage-tabs-2026-10-06.json addendum; claim check date unchanged),"A cited historical patch, extracted tooltip or creator guide does not certify every current variant."
guides/skill-gems:12,https://poe2-build-navi-jp.github.io/guides/skill-gems/,data/guides.json,/0/sections/1/bullets/3,レベルVII：Lv22,secondary_corroborated,extracted_game_data / secondary,https://poe2db.tw/us/Shield_Wall | https://www.poe2wiki.net/wiki/Gem,Mechanics group 3: Skill-gem level/attribute requirements and listed level breakpoints. Current extracted data lacks an explicit game-build stamp; official statements retain their cited patch scope.,2026-10-06 JST,0.5.5; official latest patch checked 0.5.5e (stage-tabs-2026-10-06.json addendum; claim check date unchanged),"A cited historical patch, extracted tooltip or creator guide does not certify every current variant."
guides/skill-gems:13,https://poe2-build-navi-jp.github.io/guides/skill-gems/,data/guides.json,/0/sections/1/bullets/4,レベルIX：Lv31,secondary_corroborated,extracted_game_data / secondary,https://poe2db.tw/us/Shield_Wall | https://www.poe2wiki.net/wiki/Gem,Mechanics group 3: Skill-gem level/attribute requirements and listed level breakpoints. Current extracted data lacks an explicit game-build stamp; official statements retain their cited patch scope.,2026-10-06 JST,0.5.5; official latest patch checked 0.5.5e (stage-tabs-2026-10-06.json addendum; claim check date unchanged),"A cited historical patch, extracted tooltip or creator guide does not certify every current variant."
guides/skill-gems:14,https://poe2-build-navi-jp.github.io/guides/skill-gems/,data/guides.json,/0/sections/1/bullets/5,レベルXI：Lv41,secondary_corroborated,extracted_game_data / secondary,https://poe2db.tw/us/Shield_Wall | https://www.poe2wiki.net/wiki/Gem,Mechanics group 3: Skill-gem level/attribute requirements and listed level breakpoints. Current extracted data lacks an explicit game-build stamp; official statements retain their cited patch scope.,2026-10-06 JST,0.5.5; official latest patch checked 0.5.5e (stage-tabs-2026-10-06.json addendum; claim check date unchanged),"A cited historical patch, extracted tooltip or creator guide does not certify every current variant."
guides/skill-gems:15,https://poe2-build-navi-jp.github.io/guides/skill-gems/,data/guides.json,/0/sections/1/bullets/6,レベルXIII：Lv52,secondary_corroborated,extracted_game_data / secondary,https://poe2db.tw/us/Shield_Wall | https://www.poe2wiki.net/wiki/Gem,Mechanics group 3: Skill-gem level/attribute requirements and listed level breakpoints. Current extracted data lacks an explicit game-build stamp; official statements retain their cited patch scope.,2026-10-06 JST,0.5.5; official latest patch checked 0.5.5e (stage-tabs-2026-10-06.json addendum; claim check date unchanged),"A cited historical patch, extracted tooltip or creator guide does not certify every current variant."
guides/skill-gems:16,https://poe2-build-navi-jp.github.io/guides/skill-gems/,data/guides.json,/0/sections/2/paragraphs/0,主力スキルのジェムのレベルが高いと、そのLvになるまで別のスキルで進みます。途中で使うスキルは、ビルドページの育成ロードマップに書かれたものを使い、自己判断で増やしすぎないのが安全です。,editorial_advice,editorial,,"This is a location-level evidence record, not a whole-page or gameplay certification.",2026-10-06 JST,0.5.5; official latest patch checked 0.5.5e (stage-tabs-2026-10-06.json addendum; claim check date unchanged),"A cited historical patch, extracted tooltip or creator guide does not certify every current variant."
guides/skill-gems:17,https://poe2-build-navi-jp.github.io/guides/skill-gems/,data/guides.json,/0/sections/2/paragraphs/1,スキルジェムを使うには、レベル条件に加えて能力値（筋力・器用さ・知性）の条件も満たす必要があります。ジェムのレベルを上げると条件も上がるため、上げた直後に使えなくなっていないかを確認します。,secondary_corroborated,extracted_game_data / secondary,https://poe2db.tw/us/Shield_Wall | https://www.poe2wiki.net/wiki/Gem,Mechanics group 3: Skill-gem level/attribute requirements and listed level breakpoints. Current extracted data lacks an explicit game-build stamp; official statements retain their cited patch scope.,2026-10-06 JST,0.5.5; official latest patch checked 0.5.5e (stage-tabs-2026-10-06.json addendum; claim check date unchanged),"A cited historical patch, extracted tooltip or creator guide does not certify every current variant."
guides/skill-gems:18,https://poe2-build-navi-jp.github.io/guides/skill-gems/,data/guides.json,/0/sections/3/bullets/0,使わないスキルを作ってUncut Skill Gemを使い切り、主力のレベルが上がらない。,editorial_advice,editorial,,"This is a location-level evidence record, not a whole-page or gameplay certification.",2026-10-06 JST,0.5.5; official latest patch checked 0.5.5e (stage-tabs-2026-10-06.json addendum; claim check date unchanged),"A cited historical patch, extracted tooltip or creator guide does not certify every current variant."
guides/skill-gems:19,https://poe2-build-navi-jp.github.io/guides/skill-gems/,data/guides.json,/0/sections/3/bullets/1,ジェムのレベルだけ上げて、能力値の条件が足りずに使えなくなる。,confirmed_as_scoped,official_GGG,https://www.pathofexile.com/forum/view-thread/3826682/filter-account-type/staff,"This is a location-level evidence record, not a whole-page or gameplay certification.",2026-10-06 JST,0.5.5; official latest patch checked 0.5.5e (stage-tabs-2026-10-06.json addendum; claim check date unchanged),"A cited historical patch, extracted tooltip or creator guide does not certify every current variant."
guides/skill-gems:20,https://poe2-build-navi-jp.github.io/guides/skill-gems/,data/guides.json,/0/sections/3/bullets/2,Uncut Skill GemのレベルやGemcuttingのカテゴリを確認せず、主力スキルを作ろうとする。使うためのキャラクターLv・能力値の条件も別に確認する。,narrowed,extracted_game_data / secondary_documentation,https://poe2db.tw/us/Uncut_Skill_Gems | https://www.poe2wiki.net/wiki/Engrave | https://poe2db.tw/us/Shield_Wall,確認できる条件・著者・版・対象に限定。元の広い断定を確認済みとはしません。,2026-10-06 JST,0.5.5; official latest patch checked 0.5.5e (stage-tabs-2026-10-06.json addendum; claim check date unchanged),"A cited historical patch, extracted tooltip or creator guide does not certify every current variant."
guides/skill-gems:21,https://poe2-build-navi-jp.github.io/guides/skill-gems/,data/guides.json,/0/buildExamples/0/text,シールドウォールはレベルVIIのジェムのため、Lv22までは別のスキルで進む。,secondary_corroborated,secondary,https://www.pathofexile.com/forum/view-thread/3826682/filter-account-type/staff | https://www.pathofexile.com/forum/view-thread/3883495/filter-account-type/staff | https://www.poe2wiki.net/wiki/Engrave,"This is a location-level evidence record, not a whole-page or gameplay certification.",2026-10-06 JST,0.5.5; official latest patch checked 0.5.5e (stage-tabs-2026-10-06.json addendum; claim check date unchanged),"A cited historical patch, extracted tooltip or creator guide does not certify every current variant."
guides/skill-gems:22,https://poe2-build-navi-jp.github.io/guides/skill-gems/,data/guides.json,/0/buildExamples/1/text,アイスショットはレベルIXのジェムのため、使えるのはLv31から。,secondary_corroborated,secondary,https://www.pathofexile.com/forum/view-thread/3826682/filter-account-type/staff | https://www.pathofexile.com/forum/view-thread/3883495/filter-account-type/staff | https://www.poe2wiki.net/wiki/Engrave,"This is a location-level evidence record, not a whole-page or gameplay certification.",2026-10-06 JST,0.5.5; official latest patch checked 0.5.5e (stage-tabs-2026-10-06.json addendum; claim check date unchanged),"A cited historical patch, extracted tooltip or creator guide does not certify every current variant."
guides/skill-gems:23,https://poe2-build-navi-jp.github.io/guides/skill-gems/,data/guides.json,/0/buildExamples/2/text,ワーリングアサルトはレベルXIのジェムのため、使えるのはLv41から。,secondary_corroborated,secondary,https://www.pathofexile.com/forum/view-thread/3826682/filter-account-type/staff | https://www.pathofexile.com/forum/view-thread/3883495/filter-account-type/staff | https://www.poe2wiki.net/wiki/Engrave,"This is a location-level evidence record, not a whole-page or gameplay certification.",2026-10-06 JST,0.5.5; official latest patch checked 0.5.5e (stage-tabs-2026-10-06.json addendum; claim check date unchanged),"A cited historical patch, extracted tooltip or creator guide does not certify every current variant."
guides/support-gems:1,https://poe2-build-navi-jp.github.io/guides/support-gems/,data/guides.json,/1/summary,サポートは付けられる数に上限があります。能力値と同じ種類の制限を確認してから付けます。,confirmed_as_scoped,official_GGG,https://www.pathofexile.com/forum/view-thread/3826682/filter-account-type/staff,"This is a location-level evidence record, not a whole-page or gameplay certification.",2026-10-06 JST,0.5.5; official latest patch checked 0.5.5e (stage-tabs-2026-10-06.json addendum; claim check date unchanged),"A cited historical patch, extracted tooltip or creator guide does not certify every current variant."
guides/support-gems:2,https://poe2-build-navi-jp.github.io/guides/support-gems/,data/guides.json,/1/details/0,サポートジェムは、スキルジェムにはめて効果を追加・変更するジェムです。PoE2では付けられる数や組み合わせに細かい制限があり、「付けたいのに付けられない」ことがよくあります。,confirmed_as_scoped,official_GGG,https://www.pathofexile.com/forum/view-thread/3826682/filter-account-type/staff,"This is a location-level evidence record, not a whole-page or gameplay certification.",2026-10-06 JST,0.5.5; official latest patch checked 0.5.5e (stage-tabs-2026-10-06.json addendum; claim check date unchanged),"A cited historical patch, extracted tooltip or creator guide does not certify every current variant."
guides/support-gems:3,https://poe2-build-navi-jp.github.io/guides/support-gems/,data/guides.json,/1/details/1,このページでは、サポートを付ける前に確認する上限と制限をまとめます。サポートジェムそのものの意味は、用語辞典の「サポートジェム」を見てください。,editorial_advice,editorial,,"This is a location-level evidence record, not a whole-page or gameplay certification.",2026-10-06 JST,0.5.5; official latest patch checked 0.5.5e (stage-tabs-2026-10-06.json addendum; claim check date unchanged),"A cited historical patch, extracted tooltip or creator guide does not certify every current variant."
guides/support-gems:4,https://poe2-build-navi-jp.github.io/guides/support-gems/,data/guides.json,/1/sections/0/bullets/0,スキルジェムのサポート枠は、最初は2つ。Jeweller's Orbを使うと、さらに最大3つ増やせる（合計5つ）。,confirmed_as_scoped,official_GGG,https://www.pathofexile.com/forum/view-thread/3740562/filter-account-type/staff,Mechanics group 4: Support sockets start at two and can reach five. Current extracted data lacks an explicit game-build stamp; official statements retain their cited patch scope.,2026-10-06 JST,0.5.5; official latest patch checked 0.5.5e (stage-tabs-2026-10-06.json addendum; claim check date unchanged),"A cited historical patch, extracted tooltip or creator guide does not certify every current variant."
guides/support-gems:5,https://poe2-build-navi-jp.github.io/guides/support-gems/,data/guides.json,/1/sections/0/bullets/1,枠を増やすのは、まず主力スキルを優先する。移動や補助のスキルは後回しでよい。,editorial_advice,editorial,,"This is a location-level evidence record, not a whole-page or gameplay certification.",2026-10-06 JST,0.5.5; official latest patch checked 0.5.5e (stage-tabs-2026-10-06.json addendum; claim check date unchanged),"A cited historical patch, extracted tooltip or creator guide does not certify every current variant."
guides/support-gems:6,https://poe2-build-navi-jp.github.io/guides/support-gems/,data/guides.json,/1/sections/1/paragraphs/0,サポートジェムには赤（筋力）・緑（器用さ）・青（知性）の色があり、通常、それぞれの能力値5ごとに1つ付けられます。特別な効果がなければ、例として、筋力20・器用さ40・知性30なら、赤4つ・緑8つ・青6つまでです（Path of Exile 2 Wikiの例）。,secondary_corroborated,extracted_game_data / secondary,https://poe2db.tw/us/Support_Gem_Requirements | https://poe2db.tw/us/Gemling_Legionnaire | https://www.poe2wiki.net/wiki/Gem,Mechanics group 6: Support attribute budget: five per coloured support. Current extracted data lacks an explicit game-build stamp; official statements retain their cited patch scope.,2026-10-06 JST,0.5.5; official latest patch checked 0.5.5e (stage-tabs-2026-10-06.json addendum; claim check date unchanged),"A cited historical patch, extracted tooltip or creator guide does not certify every current variant."
guides/support-gems:7,https://poe2-build-navi-jp.github.io/guides/support-gems/,data/guides.json,/1/sections/1/paragraphs/1,付けられないときは、その色の能力値が足りているかを最初に確認します。能力値はパッシブツリーや装備で増やせます。,confirmed_as_scoped,official_GGG,https://www.pathofexile.com/forum/view-thread/3826682/filter-account-type/staff,"This is a location-level evidence record, not a whole-page or gameplay certification.",2026-10-06 JST,0.5.5; official latest patch checked 0.5.5e (stage-tabs-2026-10-06.json addendum; claim check date unchanged),"A cited historical patch, extracted tooltip or creator guide does not certify every current variant."
guides/support-gems:8,https://poe2-build-navi-jp.github.io/guides/support-gems/,data/guides.json,/1/sections/2/bullets/0,同じ種類（カテゴリ）のサポートを、1つのスキルに2つ付けることはできない。,secondary_corroborated,extracted_game_data / official_GGG,https://poe2db.tw/us/Adhesive_Grenades_III | https://www.pathofexile.com/forum/view-thread/3826682/filter-account-type/staff,Mechanics group 5: Same support category cannot repeat in one skill. Current extracted data lacks an explicit game-build stamp; official statements retain their cited patch scope.,2026-10-06 JST,0.5.5; official latest patch checked 0.5.5e (stage-tabs-2026-10-06.json addendum; claim check date unchanged),"A cited historical patch, extracted tooltip or creator guide does not certify every current variant."
guides/support-gems:9,https://poe2-build-navi-jp.github.io/guides/support-gems/,data/guides.json,/1/sections/2/bullets/1,Spiritを予約するサポートは、同じランクのものを全スキルで1つまで（例：Herbalism IとHerbalism IIは別ランクなので両方使える）。,confirmed_as_scoped,official_GGG,https://www.pathofexile.com/forum/view-thread/3834300/filter-account-type/staff,Mechanics group 7: Spirit-reserving support global limit per rank. Current extracted data lacks an explicit game-build stamp; official statements retain their cited patch scope.,2026-10-06 JST,0.5.5; official latest patch checked 0.5.5e (stage-tabs-2026-10-06.json addendum; claim check date unchanged),"A cited historical patch, extracted tooltip or creator guide does not certify every current variant."
guides/support-gems:10,https://poe2-build-navi-jp.github.io/guides/support-gems/,data/guides.json,/1/sections/2/bullets/2,Lineageサポートは通常、全スキルを通して同じものを1つまで。Solus Ipseを装備すると、別のスキルに追加で2つ使える。Uncut Support Gemからは作れず、ドロップなどで入手する。,confirmed_as_scoped,extracted_game_data / official_GGG / secondary,https://www.pathofexile.com/forum/view-thread/3883495/filter-account-type/staff | https://poe2db.tw/us/Solus_Ipse | https://www.poe2wiki.net/wiki/Lineage_support_gem,"Mechanics group 8: Lineage acquisition, duplicate limit and Solus Ipse. Current extracted data lacks an explicit game-build stamp; official statements retain their cited patch scope.",2026-10-06 JST,0.5.5; official latest patch checked 0.5.5e (stage-tabs-2026-10-06.json addendum; claim check date unchanged),"A cited historical patch, extracted tooltip or creator guide does not certify every current variant."
guides/support-gems:11,https://poe2-build-navi-jp.github.io/guides/support-gems/,data/guides.json,/1/sections/2/bullets/3,サポートジェムのレベル上げ・コラプトの可否について、当サイトでは全種類に共通する現行ルールの確認を完了していません。,qualified_unresolved,extracted_game_data / official_GGG,https://poe2db.tw/us/Herbalism_I | https://www.pathofexile.com/forum/view-thread/3826682/filter-account-type/staff,"Blanket no-leveling/no-corruption assertion replaced with an explicit verification limit. Official 0.3.0 notes establish support tiers, not a universal leveling/corruption rule; Herbalism I data describes one gem only. No current-client or all-variant verification performed.",2026-10-06 JST,0.5.5; official latest patch checked 0.5.5e (stage-tabs-2026-10-06.json addendum; claim check date unchanged),"A cited historical patch, extracted tooltip or creator guide does not certify every current variant."
guides/support-gems:12,https://poe2-build-navi-jp.github.io/guides/support-gems/,data/guides.json,/1/sections/3/paragraphs/0,まずビルドページに書かれたサポートを主力へ付け、そのあと余った枠と能力値で調整します。Gemcuttingの画面では、サポートにカーソルを合わせると装備中スキルとの相性が表示されます（0.4.0で追加）。付け替えたら、火力だけでなくマナ消費やSpiritの残りも確認してください。,confirmed_as_scoped,official_GGG,https://www.pathofexile.com/forum/view-thread/3883495/filter-account-type/staff,"This is a location-level evidence record, not a whole-page or gameplay certification.",2026-10-06 JST,0.5.5; official latest patch checked 0.5.5e (stage-tabs-2026-10-06.json addendum; claim check date unchanged),"A cited historical patch, extracted tooltip or creator guide does not certify every current variant."
guides/support-gems:13,https://poe2-build-navi-jp.github.io/guides/support-gems/,data/guides.json,/1/buildExamples/0/text,Spiritを予約するミニオンでは、サポートによって必要なSpiritが増えることがある。すべてのミニオンやサポートに当てはまるわけではないため、組み合わせを変えたら予約量を確認する。,corrected,extracted_game_data,https://poe2db.tw/us/Unearth | https://poe2db.tw/us/Skeletal_Arsonist | https://poe2db.tw/us/Cathas_Brilliance | https://poe2db.tw/us/Last_Gasp,出典と一致しない文言を訂正。,2026-10-06 JST,0.5.5; official latest patch checked 0.5.5e (stage-tabs-2026-10-06.json addendum; claim check date unchanged),"A cited historical patch, extracted tooltip or creator guide does not certify every current variant."
guides/passive-tree:1,https://poe2-build-navi-jp.github.io/guides/passive-tree/,data/guides.json,/2/summary,ポイントを使い、キャラクターの能力を継続的に伸ばします。,confirmed_as_scoped,official_GGG,https://www.pathofexile.com/forum/view-thread/3932540,"This is a location-level evidence record, not a whole-page or gameplay certification.",2026-10-06 JST,0.5.5; official latest patch checked 0.5.5e (stage-tabs-2026-10-06.json addendum; claim check date unchanged),"A cited historical patch, extracted tooltip or creator guide does not certify every current variant."
guides/passive-tree:2,https://poe2-build-navi-jp.github.io/guides/passive-tree/,data/guides.json,/2/details/0,正確なノード名や経路はパッチで変化し得ます。当サイトは確認できた段階別資料がある場合だけ固有名を掲載します。,editorial_advice,editorial,,"This is a location-level evidence record, not a whole-page or gameplay certification.",2026-10-06 JST,0.5.5; official latest patch checked 0.5.5e (stage-tabs-2026-10-06.json addendum; claim check date unchanged),"A cited historical patch, extracted tooltip or creator guide does not certify every current variant."
guides/equipment-basics:1,https://poe2-build-navi-jp.github.io/guides/equipment-basics/,data/guides.json,/3/summary,レアリティ・必要条件・アイテムレベルの3つを読めれば、拾った装備を使うか判断できます。,editorial_advice,editorial,,"This is a location-level evidence record, not a whole-page or gameplay certification.",2026-10-06 JST,0.5.5; official latest patch checked 0.5.5e (stage-tabs-2026-10-06.json addendum; claim check date unchanged),"A cited historical patch, extracted tooltip or creator guide does not certify every current variant."
guides/equipment-basics:2,https://poe2-build-navi-jp.github.io/guides/equipment-basics/,data/guides.json,/3/details/0,PoE2では大量の装備が落ちるため、全部を細かく読む必要はありません。まずは「色（レアリティ）」「装備できる条件」「自分のビルドに合う防御の種類か」の3点を見て、使えそうなものだけ詳しく比べます。,editorial_advice,editorial,,"This is a location-level evidence record, not a whole-page or gameplay certification.",2026-10-06 JST,0.5.5; official latest patch checked 0.5.5e (stage-tabs-2026-10-06.json addendum; claim check date unchanged),"A cited historical patch, extracted tooltip or creator guide does not certify every current variant."
guides/equipment-basics:3,https://poe2-build-navi-jp.github.io/guides/equipment-basics/,data/guides.json,/3/details/1,装備を買う・交換する順番は、装備更新ガイドと装備診断で扱っています。このページでは、その前に必要な「装備の読み方」を説明します。,editorial_advice,editorial,,"This is a location-level evidence record, not a whole-page or gameplay certification.",2026-10-06 JST,0.5.5; official latest patch checked 0.5.5e (stage-tabs-2026-10-06.json addendum; claim check date unchanged),"A cited historical patch, extracted tooltip or creator guide does not certify every current variant."
guides/equipment-basics:4,https://poe2-build-navi-jp.github.io/guides/equipment-basics/,data/guides.json,/3/sections/0/bullets/0,ノーマル（白〜灰）：接頭辞・接尾辞による追加効果がない。ベース固有の効果を持つものはある。,narrowed,extracted_game_data / secondary,https://poe2db.tw/us/Item_Rarity | https://www.poe2wiki.net/wiki/Rarity,確認できる条件・著者・版・対象に限定。元の広い断定を確認済みとはしません。,2026-10-06 JST,0.5.5; official latest patch checked 0.5.5e (stage-tabs-2026-10-06.json addendum; claim check date unchanged),"A cited historical patch, extracted tooltip or creator guide does not certify every current variant."
guides/equipment-basics:5,https://poe2-build-navi-jp.github.io/guides/equipment-basics/,data/guides.json,/3/sections/0/bullets/1,マジック（青）：接頭辞1つと接尾辞1つまで。,supported,extracted_game_data,https://poe2db.tw/us/Item_Rarity,出典の範囲内で文言を確認。実測・全構成の保証ではありません。,2026-10-06 JST,0.5.5; official latest patch checked 0.5.5e (stage-tabs-2026-10-06.json addendum; claim check date unchanged),"A cited historical patch, extracted tooltip or creator guide does not certify every current variant."
guides/equipment-basics:6,https://poe2-build-navi-jp.github.io/guides/equipment-basics/,data/guides.json,/3/sections/0/bullets/2,レア（黄）：通常は最大6つ（接頭辞3・接尾辞3）。ジュエルは通常4つまでで、コラプトなどによる例外がある。,narrowed,extracted_game_data / secondary,https://poe2db.tw/us/Item_Rarity | https://www.poe2wiki.net/wiki/Jewel,確認できる条件・著者・版・対象に限定。元の広い断定を確認済みとはしません。,2026-10-06 JST,0.5.5; official latest patch checked 0.5.5e (stage-tabs-2026-10-06.json addendum; claim check date unchanged),"A cited historical patch, extracted tooltip or creator guide does not certify every current variant."
guides/equipment-basics:7,https://poe2-build-navi-jp.github.io/guides/equipment-basics/,data/guides.json,/3/sections/0/bullets/3,ユニーク（茶）：固有の効果を持つ特別な装備。ビルドの要になるものがある。,narrowed,extracted_game_data / secondary,https://poe2db.tw/us/Item_Rarity | https://www.poe2wiki.net/wiki/Rarity | https://poe2db.tw/us/Quality,確認できる条件・著者・版・対象に限定。元の広い断定を確認済みとはしません。,2026-10-06 JST,0.5.5; official latest patch checked 0.5.5e (stage-tabs-2026-10-06.json addendum; claim check date unchanged),"A cited historical patch, extracted tooltip or creator guide does not certify every current variant."
guides/equipment-basics:8,https://poe2-build-navi-jp.github.io/guides/equipment-basics/,data/guides.json,/3/sections/0/paragraphs/0,マジック・レア・ユニークは原則として未鑑定で落ちますが、Megalomaniacなどの例外があります。Scroll of Wisdomのほか、街のThe Hooded Oneや、キャンペーン終了後のDoryaniに鑑定してもらうことでも効果を確認できます。,corrected_or_qualified,primary-confirmed,https://www.pathofexile.com/forum/view-thread/3932540 | https://www.pathofexile.com/forum/view-thread/3826682/filter-account-type/staff,0.5.0 Megalomaniac drops identified. 0.3.0 confirms NPC identification.,2026-10-06 JST,0.5.5; official latest patch checked 0.5.5e (stage-tabs-2026-10-06.json addendum; claim check date unchanged),"A cited historical patch, extracted tooltip or creator guide does not certify every current variant."
guides/equipment-basics:9,https://poe2-build-navi-jp.github.io/guides/equipment-basics/,data/guides.json,/3/sections/1/paragraphs/0,装備によって、必要レベルや能力値の条件があります。通常、アーマー中心の防具は主に筋力、回避中心の防具は器用さ、エナジーシールド（ES）中心の防具は知性を要求します。混合防御の防具は複数の能力値を要求することがあります。,narrowed,extracted_game_data,https://poe2db.tw/us/Keywords | https://poe2db.tw/us/Body_Armours,確認できる条件・著者・版・対象に限定。元の広い断定を確認済みとはしません。,2026-10-06 JST,0.5.5; official latest patch checked 0.5.5e (stage-tabs-2026-10-06.json addendum; claim check date unchanged),"A cited historical patch, extracted tooltip or creator guide does not certify every current variant."
guides/equipment-basics:10,https://poe2-build-navi-jp.github.io/guides/equipment-basics/,data/guides.json,/3/sections/1/paragraphs/1,ビルドが使う防御の種類と違う防具を選ぶと、能力値が足りなかったり、ビルドの強みを生かせなかったりします。ビルドページの装備優先度に書かれた種類を先に確認してください。,editorial_advice,editorial,,"This is a location-level evidence record, not a whole-page or gameplay certification.",2026-10-06 JST,0.5.5; official latest patch checked 0.5.5e (stage-tabs-2026-10-06.json addendum; claim check date unchanged),"A cited historical patch, extracted tooltip or creator guide does not certify every current variant."
guides/equipment-basics:11,https://poe2-build-navi-jp.github.io/guides/equipment-basics/,data/guides.json,/3/sections/2/bullets/0,アイテムレベルは、付く可能性のある効果とその強さを決める。敵から落ちた装備は、基本的にそのエリアのレベルと同じになる。,supported,secondary,https://www.poe2wiki.net/wiki/Item_level,出典の範囲内で文言を確認。実測・全構成の保証ではありません。,2026-10-06 JST,0.5.5; official latest patch checked 0.5.5e (stage-tabs-2026-10-06.json addendum; claim check date unchanged),"A cited historical patch, extracted tooltip or creator guide does not certify every current variant."
guides/equipment-basics:12,https://poe2-build-navi-jp.github.io/guides/equipment-basics/,data/guides.json,/3/sections/2/bullets/1,品質は最大20%が基本。物理攻撃用の武器はBlacksmith's Whetstone、防具はArmourer's Scrapで上げられ、1%ごとに武器の物理ダメージや防具の防御値が上がる。,supported,extracted_game_data,https://poe2db.tw/us/Quality | https://poe2db.tw/us/Currency_Tab,出典の範囲内で文言を確認。実測・全構成の保証ではありません。,2026-10-06 JST,0.5.5; official latest patch checked 0.5.5e (stage-tabs-2026-10-06.json addendum; claim check date unchanged),"A cited historical patch, extracted tooltip or creator guide does not certify every current variant."
guides/equipment-basics:13,https://poe2-build-navi-jp.github.io/guides/equipment-basics/,data/guides.json,/3/sections/3/bullets/0,Orb of Transmutation：ノーマルをマジックにする（効果1つ）。Orb of Augmentationで2つ目を追加できる。,supported,extracted_game_data,https://poe2db.tw/us/Currency_Tab | https://poe2db.tw/us/Item_Rarity,出典の範囲内で文言を確認。実測・全構成の保証ではありません。,2026-10-06 JST,0.5.5; official latest patch checked 0.5.5e (stage-tabs-2026-10-06.json addendum; claim check date unchanged),"A cited historical patch, extracted tooltip or creator guide does not certify every current variant."
guides/equipment-basics:14,https://poe2-build-navi-jp.github.io/guides/equipment-basics/,data/guides.json,/3/sections/3/bullets/1,Regal Orb：マジックをレアにし、効果を1つ追加する。,supported,extracted_game_data,https://poe2db.tw/us/Currency_Tab,出典の範囲内で文言を確認。実測・全構成の保証ではありません。,2026-10-06 JST,0.5.5; official latest patch checked 0.5.5e (stage-tabs-2026-10-06.json addendum; claim check date unchanged),"A cited historical patch, extracted tooltip or creator guide does not certify every current variant."
guides/equipment-basics:15,https://poe2-build-navi-jp.github.io/guides/equipment-basics/,data/guides.json,/3/sections/3/bullets/2,Exalted Orb：効果が上限未満のレアに、効果を1つ追加する。,supported,extracted_game_data,https://poe2db.tw/us/Currency_Tab | https://poe2db.tw/us/Item_Rarity,出典の範囲内で文言を確認。実測・全構成の保証ではありません。,2026-10-06 JST,0.5.5; official latest patch checked 0.5.5e (stage-tabs-2026-10-06.json addendum; claim check date unchanged),"A cited historical patch, extracted tooltip or creator guide does not certify every current variant."
guides/equipment-basics:16,https://poe2-build-navi-jp.github.io/guides/equipment-basics/,data/guides.json,/3/sections/3/bullets/3,Orb of Alchemy：ノーマルを効果4つのレアにする。,supported,extracted_game_data,https://poe2db.tw/us/Currency_Tab,出典の範囲内で文言を確認。実測・全構成の保証ではありません。,2026-10-06 JST,0.5.5; official latest patch checked 0.5.5e (stage-tabs-2026-10-06.json addendum; claim check date unchanged),"A cited historical patch, extracted tooltip or creator guide does not certify every current variant."
guides/equipment-basics:17,https://poe2-build-navi-jp.github.io/guides/equipment-basics/,data/guides.json,/3/sections/4/paragraphs/0,キャラクターは武器セットを2つ持てます。スキルごとに使う武器セットを指定でき、指定した側へ自動で持ち替えます。PC版の標準キー設定では、手動の切り替えはXキーです。武器セットごとに、専用のパッシブポイントを別々に振ることもできます。,narrowed,extracted_game_data / secondary,https://poe2db.tw/us/Weapon_Sets | https://www.poe2wiki.net/wiki/Weapon_set,確認できる条件・著者・版・対象に限定。元の広い断定を確認済みとはしません。,2026-10-06 JST,0.5.5; official latest patch checked 0.5.5e (stage-tabs-2026-10-06.json addendum; claim check date unchanged),"A cited historical patch, extracted tooltip or creator guide does not certify every current variant."
guides/equipment-basics:18,https://poe2-build-navi-jp.github.io/guides/equipment-basics/,data/guides.json,/3/buildExamples/0/text,盾のアーマー値が火力にもなるため、盾が最重要の部位。,confirmed_as_scoped,official_GGG,https://www.pathofexile.com/forum/view-thread/3932540,"This is a location-level evidence record, not a whole-page or gameplay certification.",2026-10-06 JST,0.5.5; official latest patch checked 0.5.5e (stage-tabs-2026-10-06.json addendum; claim check date unchanged),"A cited historical patch, extracted tooltip or creator guide does not certify every current variant."
guides/equipment-basics:19,https://poe2-build-navi-jp.github.io/guides/equipment-basics/,data/guides.json,/3/buildExamples/1/text,セプターのSpiritとミニオンスキルレベルを優先し、防具はESを重視する。,editorial_advice,editorial,,"This is a location-level evidence record, not a whole-page or gameplay certification.",2026-10-06 JST,0.5.5; official latest patch checked 0.5.5e (stage-tabs-2026-10-06.json addendum; claim check date unchanged),"A cited historical patch, extracted tooltip or creator guide does not certify every current variant."
guides/equipment-basics:20,https://poe2-build-navi-jp.github.io/guides/equipment-basics/,data/guides.json,/3/buildExamples/2/text,防具はライフ・回避・属性耐性を見る。,editorial_advice,editorial,,"This is a location-level evidence record, not a whole-page or gameplay certification.",2026-10-06 JST,0.5.5; official latest patch checked 0.5.5e (stage-tabs-2026-10-06.json addendum; claim check date unchanged),"A cited historical patch, extracted tooltip or creator guide does not certify every current variant."
guides/resistance:1,https://poe2-build-navi-jp.github.io/guides/resistance/,data/guides.json,/4/summary,属性など特定種類のダメージを軽減する防御値です。,secondary_corroborated,secondary,https://www.poe2wiki.net/wiki/Resistance,"This is a location-level evidence record, not a whole-page or gameplay certification.",2026-10-06 JST,0.5.5; official latest patch checked 0.5.5e (stage-tabs-2026-10-06.json addendum; claim check date unchanged),"A cited historical patch, extracted tooltip or creator guide does not certify every current variant."
guides/resistance:2,https://poe2-build-navi-jp.github.io/guides/resistance/,data/guides.json,/4/details/0,耐性だけで全攻撃を防げるわけではありません。ライフ、エナジーシールド、アーマー、回避など、採用ビルドの防御手段も合わせて確認します。,editorial_advice,editorial,,"This is a location-level evidence record, not a whole-page or gameplay certification.",2026-10-06 JST,0.5.5; official latest patch checked 0.5.5e (stage-tabs-2026-10-06.json addendum; claim check date unchanged),"A cited historical patch, extracted tooltip or creator guide does not certify every current variant."
guides/increase-damage:1,https://poe2-build-navi-jp.github.io/guides/increase-damage/,data/guides.json,/5/summary,武器、主力スキル、サポート、パッシブなど7項目を順に確認します。,editorial_advice,editorial,,"This is a location-level evidence record, not a whole-page or gameplay certification.",2026-10-06 JST,0.5.5; official latest patch checked 0.5.5e (stage-tabs-2026-10-06.json addendum; claim check date unchanged),"A cited historical patch, extracted tooltip or creator guide does not certify every current variant."
guides/increase-damage:2,https://poe2-build-navi-jp.github.io/guides/increase-damage/,data/guides.json,/5/details/0,表示DPSだけで判断せず、命中条件、敵への弱体化、操作順などビルド固有の仕組みも確認します。未確認数値は掲載しません。,editorial_advice,editorial,,"This is a location-level evidence record, not a whole-page or gameplay certification.",2026-10-06 JST,0.5.5; official latest patch checked 0.5.5e (stage-tabs-2026-10-06.json addendum; claim check date unchanged),"A cited historical patch, extracted tooltip or creator guide does not certify every current variant."
guides/why-i-die:1,https://poe2-build-navi-jp.github.io/guides/why-i-die/,data/guides.json,/6/summary,耐性、防御値、回復、装備、立ち回りなど7項目を順に確認します。,editorial_advice,editorial,,"This is a location-level evidence record, not a whole-page or gameplay certification.",2026-10-06 JST,0.5.5; official latest patch checked 0.5.5e (stage-tabs-2026-10-06.json addendum; claim check date unchanged),"A cited historical patch, extracted tooltip or creator guide does not certify every current variant."
guides/why-i-die:2,https://poe2-build-navi-jp.github.io/guides/why-i-die/,data/guides.json,/6/details/0,原因は1つとは限りません。ビルド詳細の困りごと診断は、現在レベルの装備優先と注意点を使って確認順を示します。,editorial_advice,editorial,,"This is a location-level evidence record, not a whole-page or gameplay certification.",2026-10-06 JST,0.5.5; official latest patch checked 0.5.5e (stage-tabs-2026-10-06.json addendum; claim check date unchanged),"A cited historical patch, extracted tooltip or creator guide does not certify every current variant."
guides/after-campaign:1,https://poe2-build-navi-jp.github.io/guides/after-campaign/,data/guides.json,/7/summary,Interludeで耐性の低下が進み、Lv65前後からEndgameです。耐性と主力を整えてからMappingへ進みます。,secondary_corroborated,secondary,https://www.pathofexile.com/forum/view-thread/3826682/filter-account-type/staff | https://www.poe2wiki.net/wiki/Resistance,"This is a location-level evidence record, not a whole-page or gameplay certification.",2026-10-06 JST,0.5.5; official latest patch checked 0.5.5e (stage-tabs-2026-10-06.json addendum; claim check date unchanged),"A cited historical patch, extracted tooltip or creator guide does not certify every current variant."
guides/after-campaign:2,https://poe2-build-navi-jp.github.io/guides/after-campaign/,data/guides.json,/7/details/0,PoE2の0.5.5（Early Access）では、ストーリーはAct 1〜4と、その後のInterlude（間章）で構成されています。Interludeを終えるとEndgameのAtlasへ進みます。,confirmed_as_scoped,official_GGG,https://www.pathofexile.com/forum/view-thread/3826682/filter-account-type/staff | https://www.pathofexile.com/forum/view-thread/3932540 | https://www.pathofexile.com/forum/view-thread/4000864,"This is a location-level evidence record, not a whole-page or gameplay certification.",2026-10-06 JST,0.5.5; official latest patch checked 0.5.5e (stage-tabs-2026-10-06.json addendum; claim check date unchanged),"A cited historical patch, extracted tooltip or creator guide does not certify every current variant."
guides/after-campaign:3,https://poe2-build-navi-jp.github.io/guides/after-campaign/,data/guides.json,/7/details/1,キャンペーンの終盤は敵が急に強く感じやすい時期です。原因の多くは、耐性にかかるペナルティが段階的に大きくなることと、キャンペーン用の構成のまま進んでいることです。,editorial_advice,editorial,,"This is a location-level evidence record, not a whole-page or gameplay certification.",2026-10-06 JST,0.5.5; official latest patch checked 0.5.5e (stage-tabs-2026-10-06.json addendum; claim check date unchanged),"A cited historical patch, extracted tooltip or creator guide does not certify every current variant."
guides/after-campaign:4,https://poe2-build-navi-jp.github.io/guides/after-campaign/,data/guides.json,/7/sections/0/bullets/0,Interludeは3つあり、どの順番で進めてもよい。,supported,official_GGG / secondary,https://www.pathofexile.com/forum/view-thread/3826682/filter-account-type/staff | https://www.poe2wiki.net/wiki/Interludes,出典の範囲内で文言を確認。実測・全構成の保証ではありません。,2026-10-06 JST,0.5.5; official latest patch checked 0.5.5e (stage-tabs-2026-10-06.json addendum; claim check date unchanged),"A cited historical patch, extracted tooltip or creator guide does not certify every current variant."
guides/after-campaign:5,https://poe2-build-navi-jp.github.io/guides/after-campaign/,data/guides.json,/7/sections/0/bullets/1,Path of Exile 2 Wikiでは、他のInterludeで対象のボスを倒すなど進行が進むと、エリアレベルが上がると説明されています。,narrowed,secondary,https://www.poe2wiki.net/wiki/Interludes,確認できる条件・著者・版・対象に限定。元の広い断定を確認済みとはしません。,2026-10-06 JST,0.5.5; official latest patch checked 0.5.5e (stage-tabs-2026-10-06.json addendum; claim check date unchanged),"A cited historical patch, extracted tooltip or creator guide does not certify every current variant."
guides/after-campaign:6,https://poe2-build-navi-jp.github.io/guides/after-campaign/,data/guides.json,/7/sections/0/bullets/2,Interludeは0.3.0の公式パッチノートで一時的なコンテンツとして導入されました。Act 5・6追加時や1.0での扱いは、今後の公式発表を確認してください。,narrowed,official_GGG / secondary,https://www.pathofexile.com/forum/view-thread/3826682/filter-account-type/staff | https://www.poe2wiki.net/wiki/Interludes,確認できる条件・著者・版・対象に限定。元の広い断定を確認済みとはしません。,2026-10-06 JST,0.5.5; official latest patch checked 0.5.5e (stage-tabs-2026-10-06.json addendum; claim check date unchanged),"A cited historical patch, extracted tooltip or creator guide does not certify every current variant."
guides/after-campaign:7,https://poe2-build-navi-jp.github.io/guides/after-campaign/,data/guides.json,/7/sections/1/paragraphs/0,Interludeでは、エリアレベルに応じて元素耐性にペナルティがかかります。キャラクター画面の耐性は、このペナルティを引いた値で確認します。,secondary_corroborated,secondary,https://www.poe2wiki.net/wiki/Resistance,"This is a location-level evidence record, not a whole-page or gameplay certification.",2026-10-06 JST,0.5.5; official latest patch checked 0.5.5e (stage-tabs-2026-10-06.json addendum; claim check date unchanged),"A cited historical patch, extracted tooltip or creator guide does not certify every current variant."
guides/after-campaign:8,https://poe2-build-navi-jp.github.io/guides/after-campaign/,data/guides.json,/7/sections/1/bullets/0,エリアレベル54〜59：-40%,secondary_corroborated,secondary,https://www.poe2wiki.net/wiki/Resistance,"This is a location-level evidence record, not a whole-page or gameplay certification.",2026-10-06 JST,0.5.5; official latest patch checked 0.5.5e (stage-tabs-2026-10-06.json addendum; claim check date unchanged),"A cited historical patch, extracted tooltip or creator guide does not certify every current variant."
guides/after-campaign:9,https://poe2-build-navi-jp.github.io/guides/after-campaign/,data/guides.json,/7/sections/1/bullets/1,エリアレベル60〜64：-50%,secondary_corroborated,secondary,https://www.poe2wiki.net/wiki/Resistance,"This is a location-level evidence record, not a whole-page or gameplay certification.",2026-10-06 JST,0.5.5; official latest patch checked 0.5.5e (stage-tabs-2026-10-06.json addendum; claim check date unchanged),"A cited historical patch, extracted tooltip or creator guide does not certify every current variant."
guides/after-campaign:10,https://poe2-build-navi-jp.github.io/guides/after-campaign/,data/guides.json,/7/sections/1/bullets/2,エリアレベル65以上：-60%,secondary_corroborated,secondary,https://www.poe2wiki.net/wiki/Resistance,"This is a location-level evidence record, not a whole-page or gameplay certification.",2026-10-06 JST,0.5.5; official latest patch checked 0.5.5e (stage-tabs-2026-10-06.json addendum; claim check date unchanged),"A cited historical patch, extracted tooltip or creator guide does not certify every current variant."
guides/after-campaign:11,https://poe2-build-navi-jp.github.io/guides/after-campaign/,data/guides.json,/7/sections/2/bullets/0,Endgameは、The Ziggurat RefugeからAtlasに入って始まる。,confirmed_as_scoped,official_GGG,https://www.pathofexile.com/forum/view-thread/3740562/filter-account-type/staff,"This is a location-level evidence record, not a whole-page or gameplay certification.",2026-10-06 JST,0.5.5; official latest patch checked 0.5.5e (stage-tabs-2026-10-06.json addendum; claim check date unchanged),"A cited historical patch, extracted tooltip or creator guide does not certify every current variant."
guides/after-campaign:12,https://poe2-build-navi-jp.github.io/guides/after-campaign/,data/guides.json,/7/sections/2/bullets/1,マップを開くにはWaystoneを使う。Tier 1のエリアレベルは65。,secondary_corroborated,secondary,https://www.pathofexile.com/forum/view-thread/3932540 | https://www.poe2wiki.net/wiki/Map,"This is a location-level evidence record, not a whole-page or gameplay certification.",2026-10-06 JST,0.5.5; official latest patch checked 0.5.5e (stage-tabs-2026-10-06.json addendum; claim check date unchanged),"A cited historical patch, extracted tooltip or creator guide does not certify every current variant."
guides/after-campaign:13,https://poe2-build-navi-jp.github.io/guides/after-campaign/,data/guides.json,/7/sections/2/bullets/2,マップ内で倒れると復活回数が減り、使い切るとそのマップは失敗になる。,corrected_or_qualified,extracted_game_data / official_GGG / secondary,https://www.pathofexile.com/forum/view-thread/3740562/filter-account-type/staff | https://poe2db.tw/us/Revival_Availability | https://www.poe2wiki.net/wiki/Map | https://poe2db.tw/us/Masters_of_the_Atlas,"Mechanics group 19: Map revives, portal indicator and six-mod baseline. Current extracted data lacks an explicit game-build stamp; official statements retain their cited patch scope.",2026-10-06 JST,0.5.5; official latest patch checked 0.5.5e (stage-tabs-2026-10-06.json addendum; claim check date unchanged),"A cited historical patch, extracted tooltip or creator guide does not certify every current variant."
guides/after-campaign:14,https://poe2-build-navi-jp.github.io/guides/after-campaign/,data/guides.json,/7/sections/2/bullets/3,最初は追加効果の少ないWaystoneで、倒れずにボスまで進めるかを確かめる。,editorial_advice,editorial,,"This is a location-level evidence record, not a whole-page or gameplay certification.",2026-10-06 JST,0.5.5; official latest patch checked 0.5.5e (stage-tabs-2026-10-06.json addendum; claim check date unchanged),"A cited historical patch, extracted tooltip or creator guide does not certify every current variant."
guides/after-campaign:15,https://poe2-build-navi-jp.github.io/guides/after-campaign/,data/guides.json,/7/sections/3/bullets/0,火炎・冷気・雷の耐性が、ペナルティ込みで足りているか。,editorial_advice,editorial,,"This is a location-level evidence record, not a whole-page or gameplay certification.",2026-10-06 JST,0.5.5; official latest patch checked 0.5.5e (stage-tabs-2026-10-06.json addendum; claim check date unchanged),"A cited historical patch, extracted tooltip or creator guide does not certify every current variant."
guides/after-campaign:16,https://poe2-build-navi-jp.github.io/guides/after-campaign/,data/guides.json,/7/sections/3/bullets/1,ビルドのMapping開始段階に書かれた主力スキル・サポート・アセンダンシーがそろっているか。,editorial_advice,editorial,,"This is a location-level evidence record, not a whole-page or gameplay certification.",2026-10-06 JST,0.5.5; official latest patch checked 0.5.5e (stage-tabs-2026-10-06.json addendum; claim check date unchanged),"A cited historical patch, extracted tooltip or creator guide does not certify every current variant."
guides/after-campaign:17,https://poe2-build-navi-jp.github.io/guides/after-campaign/,data/guides.json,/7/sections/3/bullets/2,キャンペーン中に仮で使っていた装備やスキルを、そのまま使っていないか。,editorial_advice,editorial,,"This is a location-level evidence record, not a whole-page or gameplay certification.",2026-10-06 JST,0.5.5; official latest patch checked 0.5.5e (stage-tabs-2026-10-06.json addendum; claim check date unchanged),"A cited historical patch, extracted tooltip or creator guide does not certify every current variant."
guides/after-campaign:18,https://poe2-build-navi-jp.github.io/guides/after-campaign/,data/guides.json,/7/buildExamples/0/text,キャンペーン後は店とギャンブル店で弱い部位を更新し、まず耐性上限を確保する（Maxroll）。,editorial_advice,editorial,,"This is a location-level evidence record, not a whole-page or gameplay certification.",2026-10-06 JST,0.5.5; official latest patch checked 0.5.5e (stage-tabs-2026-10-06.json addendum; claim check date unchanged),"A cited historical patch, extracted tooltip or creator guide does not certify every current variant."
guides/after-campaign:19,https://poe2-build-navi-jp.github.io/guides/after-campaign/,data/guides.json,/7/buildExamples/1/text,キャンペーン中はアーマー・ライフ・不足耐性を見て、ESへの移行は原典の段階に合わせる。,editorial_advice,editorial,,"This is a location-level evidence record, not a whole-page or gameplay certification.",2026-10-06 JST,0.5.5; official latest patch checked 0.5.5e (stage-tabs-2026-10-06.json addendum; claim check date unchanged),"A cited historical patch, extracted tooltip or creator guide does not certify every current variant."
guides/mapping:1,https://poe2-build-navi-jp.github.io/guides/mapping/,data/guides.json,/8/summary,キャンペーン後にマップを進める周回段階です。,confirmed_as_scoped,official_GGG,https://www.pathofexile.com/forum/view-thread/3932540,"This is a location-level evidence record, not a whole-page or gameplay certification.",2026-10-06 JST,0.5.5; official latest patch checked 0.5.5e (stage-tabs-2026-10-06.json addendum; claim check date unchanged),"A cited historical patch, extracted tooltip or creator guide does not certify every current variant."
guides/mapping:2,https://poe2-build-navi-jp.github.io/guides/mapping/,data/guides.json,/8/details/0,Mappingでは敵や報酬の条件が変化します。ビルド詳細のMapping開始段階で、現在の防御・装備・移行条件を確認してください。,editorial_advice,editorial,,"This is a location-level evidence record, not a whole-page or gameplay certification.",2026-10-06 JST,0.5.5; official latest patch checked 0.5.5e (stage-tabs-2026-10-06.json addendum; claim check date unchanged),"A cited historical patch, extracted tooltip or creator guide does not certify every current variant."
dictionary/build:1,https://poe2-build-navi-jp.github.io/dictionary/build/,data/dictionary.json,/0/oneLine,スキル・サポート・パッシブ・装備をどう組み合わせて育てるかの方針。,confirmed_as_scoped,official_GGG,https://www.pathofexile.com/forum/view-thread/3932540,"This is a location-level evidence record, not a whole-page or gameplay certification.",2026-10-06 JST,0.5.5; official latest patch checked 0.5.5e (stage-tabs-2026-10-06.json addendum; claim check date unchanged),"A cited historical patch, extracted tooltip or creator guide does not certify every current variant."
dictionary/build:2,https://poe2-build-navi-jp.github.io/dictionary/build/,data/dictionary.json,/0/description,ビルドは、キャラクターをどう育てるかの方針です。どのスキルを主力にし、どのサポートジェムを付け、パッシブツリーのどこを取り、どんな装備を優先するかを1つにまとめたものを指します。同じ職業でも、選ぶビルドで戦い方も必要な装備も大きく変わります。,confirmed_as_scoped,official_GGG,https://www.pathofexile.com/forum/view-thread/3932540,"This is a location-level evidence record, not a whole-page or gameplay certification.",2026-10-06 JST,0.5.5; official latest patch checked 0.5.5e (stage-tabs-2026-10-06.json addendum; claim check date unchanged),"A cited historical patch, extracted tooltip or creator guide does not certify every current variant."
dictionary/build:3,https://poe2-build-navi-jp.github.io/dictionary/build/,data/dictionary.json,/0/importance,職業を決めただけでは、次に取るスキルも装備も決まりません。ビルドを1つに決めておくと、今のレベルで何を優先すればいいかが分かり、迷ってスキルや装備を取り直す回数が減ります。,editorial_advice,editorial,,"This is a location-level evidence record, not a whole-page or gameplay certification.",2026-10-06 JST,0.5.5; official latest patch checked 0.5.5e (stage-tabs-2026-10-06.json addendum; claim check date unchanged),"A cited historical patch, extracted tooltip or creator guide does not certify every current variant."
dictionary/build:4,https://poe2-build-navi-jp.github.io/dictionary/build/,data/dictionary.json,/0/sections/0/bullets/0,主力スキル：攻撃の中心になるスキルジェム。,confirmed_as_scoped,official_GGG,https://www.pathofexile.com/forum/view-thread/3932540,"This is a location-level evidence record, not a whole-page or gameplay certification.",2026-10-06 JST,0.5.5; official latest patch checked 0.5.5e (stage-tabs-2026-10-06.json addendum; claim check date unchanged),"A cited historical patch, extracted tooltip or creator guide does not certify every current variant."
dictionary/build:5,https://poe2-build-navi-jp.github.io/dictionary/build/,data/dictionary.json,/0/sections/0/bullets/1,サポートジェム：主力スキルに付けて効果を変える。,confirmed_as_scoped,official_GGG,https://www.pathofexile.com/forum/view-thread/3932540,"This is a location-level evidence record, not a whole-page or gameplay certification.",2026-10-06 JST,0.5.5; official latest patch checked 0.5.5e (stage-tabs-2026-10-06.json addendum; claim check date unchanged),"A cited historical patch, extracted tooltip or creator guide does not certify every current variant."
dictionary/build:6,https://poe2-build-navi-jp.github.io/dictionary/build/,data/dictionary.json,/0/sections/0/bullets/2,パッシブツリーとアセンダンシー：能力値や特別な効果を取る。,confirmed_as_scoped,official_GGG,https://www.pathofexile.com/forum/view-thread/3932540,"This is a location-level evidence record, not a whole-page or gameplay certification.",2026-10-06 JST,0.5.5; official latest patch checked 0.5.5e (stage-tabs-2026-10-06.json addendum; claim check date unchanged),"A cited historical patch, extracted tooltip or creator guide does not certify every current variant."
dictionary/build:7,https://poe2-build-navi-jp.github.io/dictionary/build/,data/dictionary.json,/0/sections/0/bullets/3,装備：武器の種類、防御の種類（アーマー・回避・ES）、耐性。,confirmed_as_scoped,official_GGG,https://www.pathofexile.com/forum/view-thread/3932540,"This is a location-level evidence record, not a whole-page or gameplay certification.",2026-10-06 JST,0.5.5; official latest patch checked 0.5.5e (stage-tabs-2026-10-06.json addendum; claim check date unchanged),"A cited historical patch, extracted tooltip or creator guide does not certify every current variant."
dictionary/build:8,https://poe2-build-navi-jp.github.io/dictionary/build/,data/dictionary.json,/0/sections/1/paragraphs/0,ビルドの完成形で使うスキルが、序盤から使えるとは限りません。スキルジェムにはレベルの条件があり、アセンダンシーの取得を境に戦い方が変わるビルドもあります。そのため多くのビルドは、序盤は別のスキルで進め、条件を満たした段階で主力を切り替えます。,confirmed_as_scoped,official_GGG,https://www.pathofexile.com/forum/view-thread/3932540,"This is a location-level evidence record, not a whole-page or gameplay certification.",2026-10-06 JST,0.5.5; official latest patch checked 0.5.5e (stage-tabs-2026-10-06.json addendum; claim check date unchanged),"A cited historical patch, extracted tooltip or creator guide does not certify every current variant."
dictionary/build:9,https://poe2-build-navi-jp.github.io/dictionary/build/,data/dictionary.json,/0/sections/2/bullets/0,主力スキルを何Lvから使えるか（切替が遅いほど、それまでの手順を覚える必要がある）。,editorial_advice,editorial,,"This is a location-level evidence record, not a whole-page or gameplay certification.",2026-10-06 JST,0.5.5; official latest patch checked 0.5.5e (stage-tabs-2026-10-06.json addendum; claim check date unchanged),"A cited historical patch, extracted tooltip or creator guide does not certify every current variant."
dictionary/build:10,https://poe2-build-navi-jp.github.io/dictionary/build/,data/dictionary.json,/0/sections/2/bullets/1,操作の量（1つのスキルで周回できるか、複数のスキルを順番に使うか）。,editorial_advice,editorial,,"This is a location-level evidence record, not a whole-page or gameplay certification.",2026-10-06 JST,0.5.5; official latest patch checked 0.5.5e (stage-tabs-2026-10-06.json addendum; claim check date unchanged),"A cited historical patch, extracted tooltip or creator guide does not certify every current variant."
dictionary/build:11,https://poe2-build-navi-jp.github.io/dictionary/build/,data/dictionary.json,/0/sections/2/bullets/2,装備やユニークへの依存度、SSFでの成立が資料で確認できるか。,editorial_advice,editorial,,"This is a location-level evidence record, not a whole-page or gameplay certification.",2026-10-06 JST,0.5.5; official latest patch checked 0.5.5e (stage-tabs-2026-10-06.json addendum; claim check date unchanged),"A cited historical patch, extracted tooltip or creator guide does not certify every current variant."
dictionary/build:12,https://poe2-build-navi-jp.github.io/dictionary/build/,data/dictionary.json,/0/buildExamples/0/text,Lv1から最後までEntangleを主力として使い続けるビルド。,creator_route_confirmed,creator_or_introduction_article,https://mobalytics.gg/poe-2/builds/plant-oracle-druid-leveling-build-guide,Repeated example aligned with the scoped PR17 evidence; not an independent performance or SSF test.,2026-10-06 JST,0.5.5; official latest patch checked 0.5.5e (stage-tabs-2026-10-06.json addendum; claim check date unchanged),"A cited historical patch, extracted tooltip or creator guide does not certify every current variant."
dictionary/build:13,https://poe2-build-navi-jp.github.io/dictionary/build/,data/dictionary.json,/0/buildExamples/1/text,序盤はローリングスラム＋ボーンシャッターで進め、Lv22でシールドウォールへ切り替える。,creator_route_confirmed,creator_or_introduction_article,https://mobalytics.gg/poe-2/builds/warrior-league-start-lundburgerr,Repeated example aligned with the scoped PR17 evidence; not an independent performance or SSF test.,2026-10-06 JST,0.5.5; official latest patch checked 0.5.5e (stage-tabs-2026-10-06.json addendum; claim check date unchanged),"A cited historical patch, extracted tooltip or creator guide does not certify every current variant."
dictionary/build:14,https://poe2-build-navi-jp.github.io/dictionary/build/,data/dictionary.json,/0/buildExamples/2/text,主力のワーリングアサルトはLv41から。それまでは別のスキルで進める。,creator_route_confirmed,creator_or_introduction_article,https://mobalytics.gg/poe-2/builds/martial-artist-league-starter-scorpius,Repeated example aligned with the scoped PR17 evidence; not an independent performance or SSF test.,2026-10-06 JST,0.5.5; official latest patch checked 0.5.5e (stage-tabs-2026-10-06.json addendum; claim check date unchanged),"A cited historical patch, extracted tooltip or creator guide does not certify every current variant."
dictionary/dps:1,https://poe2-build-navi-jp.github.io/dictionary/dps/,data/dictionary.json,/1/oneLine,1秒あたりに与えるダメージ（Damage Per Second）の目安。,confirmed_as_scoped,definition,,"This is a location-level evidence record, not a whole-page or gameplay certification.",2026-10-06 JST,0.5.5; official latest patch checked 0.5.5e (stage-tabs-2026-10-06.json addendum; claim check date unchanged),"A cited historical patch, extracted tooltip or creator guide does not certify every current variant."
dictionary/dps:2,https://poe2-build-navi-jp.github.io/dictionary/dps/,data/dictionary.json,/1/description,DPSはDamage Per Secondの略で、1秒あたりにどれだけのダメージを与えられるかを表す目安です。火力の高さを話すときによく使われますが、同じ数字でも実際の戦いやすさは大きく違います。,confirmed_as_scoped,definition,,"This is a location-level evidence record, not a whole-page or gameplay certification.",2026-10-06 JST,0.5.5; official latest patch checked 0.5.5e (stage-tabs-2026-10-06.json addendum; claim check date unchanged),"A cited historical patch, extracted tooltip or creator guide does not certify every current variant."
dictionary/dps:3,https://poe2-build-navi-jp.github.io/dictionary/dps/,data/dictionary.json,/1/importance,「火力が出ない」と感じたときは、単体と範囲のどちらが足りないのか、火力を出すための準備に時間がかかっているのかを切り分けるのがおすすめです。装備やスキルを見直す手がかりになります。,corrected_or_qualified,original_source_or_official,https://www.poe-vault.com/poe2/witch/lich/chaos-leveling-build | https://poe2db.tw/us/Despair,"Keep the diagnostic recommendation, while separating setup/ramp-up from delayed onset of every DoT. Mark this as advice.",2026-10-06 JST,0.5.5; official latest patch checked 0.5.5e (stage-tabs-2026-10-06.json addendum; claim check date unchanged),"A cited historical patch, extracted tooltip or creator guide does not certify every current variant."
dictionary/dps:4,https://poe2-build-navi-jp.github.io/dictionary/dps/,data/dictionary.json,/1/sections/0/bullets/0,継続ダメージは、時間をかけてダメージを与える。ビルドによっては火力を伸ばす準備が必要だが、すべての継続ダメージに「効き始めるまでの待ち時間」があるわけではない。,corrected_or_qualified,original_source_or_official,https://poe2db.tw/us/Essence_Drain | https://www.poe-vault.com/poe2/witch/lich/chaos-leveling-build | https://poe2db.tw/us/Despair,The original turns a specific Chaos Witch ramp-up weakness into a universal delay before DoT starts.,2026-10-06 JST,0.5.5; official latest patch checked 0.5.5e (stage-tabs-2026-10-06.json addendum; claim check date unchanged),"A cited historical patch, extracted tooltip or creator guide does not certify every current variant."
dictionary/dps:5,https://poe2-build-navi-jp.github.io/dictionary/dps/,data/dictionary.json,/1/sections/0/bullets/1,瞬間火力（短い時間に出せるダメージ）と、動く敵への当てやすさは別の評価項目。Gamerchのプラントオラクル解説では、瞬間火力の低さと動き回るボスへのダメージの入りづらさを、それぞれ短所に挙げている。,corrected_or_qualified,original_source_or_official,https://gamerch.com/poe2/954990,The cited guide lists separate build-specific negatives; it does not say low burst causes poor hit delivery against moving enemies.,2026-10-06 JST,0.5.5; official latest patch checked 0.5.5e (stage-tabs-2026-10-06.json addendum; claim check date unchanged),"A cited historical patch, extracted tooltip or creator guide does not certify every current variant."
dictionary/dps:6,https://poe2-build-navi-jp.github.io/dictionary/dps/,data/dictionary.json,/1/sections/0/bullets/2,単体への火力と、集団をまとめて倒す力は別物。ボス向けとマップ周回向けで評価が分かれるビルドもある。,editorial_advice,editorial,,"This is a location-level evidence record, not a whole-page or gameplay certification.",2026-10-06 JST,0.5.5; official latest patch checked 0.5.5e (stage-tabs-2026-10-06.json addendum; claim check date unchanged),"A cited historical patch, extracted tooltip or creator guide does not certify every current variant."
dictionary/dps:7,https://poe2-build-navi-jp.github.io/dictionary/dps/,data/dictionary.json,/1/sections/0/bullets/3,装備や条件（呪い、露出など）が違えば数字も変わる。他人のDPSの数字は、同じ条件で測ったものとは限らない。,editorial_advice,editorial,,"This is a location-level evidence record, not a whole-page or gameplay certification.",2026-10-06 JST,0.5.5; official latest patch checked 0.5.5e (stage-tabs-2026-10-06.json addendum; claim check date unchanged),"A cited historical patch, extracted tooltip or creator guide does not certify every current variant."
dictionary/dps:8,https://poe2-build-navi-jp.github.io/dictionary/dps/,data/dictionary.json,/1/sections/1/paragraphs/0,このサイトのビルド比較は、同じ条件で測ったDPSや順位ではありません。「火力」「ボス・単体」などは、元ガイドが長所・短所のどちらとして説明しているかを出典付きで整理しています。DPSの具体的な比較数値は掲載していません。,corrected_or_qualified,original_source_or_official,https://poe2-build-navi-jp.github.io/rating-criteria/,"The reviewed site changed from subjective scoring to qualitative source labels, so 採点しています is stale.",2026-10-06 JST,0.5.5; official latest patch checked 0.5.5e (stage-tabs-2026-10-06.json addendum; claim check date unchanged),"A cited historical patch, extracted tooltip or creator guide does not certify every current variant."
dictionary/dps:9,https://poe2-build-navi-jp.github.io/dictionary/dps/,data/dictionary.json,/1/buildExamples/0/text,PoE VaultのChaos Witch育成ガイドでは、武器への火力依存と、火力の立ち上がりを短所に挙げている。Witchの育成構成に対する評価で、Lichの完成形すべてに共通する性質ではない。,corrected_or_qualified,original_source_or_official,https://www.poe-vault.com/poe2/witch/lich/chaos-leveling-build,Correct ramp-up translation and state campaign/variant scope instead of treating a Witch leveling source as every Lich endgame build.,2026-10-06 JST,0.5.5; official latest patch checked 0.5.5e (stage-tabs-2026-10-06.json addendum; claim check date unchanged),"A cited historical patch, extracted tooltip or creator guide does not certify every current variant."
dictionary/dps:10,https://poe2-build-navi-jp.github.io/dictionary/dps/,data/dictionary.json,/1/buildExamples/1/text,Gamerchの掲載構成では、集団処理を長所、瞬間火力の低さと動き回るボスへのダメージの入りづらさを短所に挙げている。,corrected_or_qualified,original_source_or_official,https://gamerch.com/poe2/954990,Preserve all supported content while explicitly attributing opinion to the guide’s configuration.,2026-10-06 JST,0.5.5; official latest patch checked 0.5.5e (stage-tabs-2026-10-06.json addendum; claim check date unchanged),"A cited historical patch, extracted tooltip or creator guide does not certify every current variant."
dictionary/dps:11,https://poe2-build-navi-jp.github.io/dictionary/dps/,data/dictionary.json,/1/buildExamples/2/text,Lundburgerrは、0.5のFortifying Cry変更により、この構成のEndgame単体火力が従来比で最悪約30%下がると見積もっている。,corrected_or_qualified,original_source_or_official,https://www.pathofexile.com/forum/view-thread/3932540 | https://mobalytics.gg/poe-2/builds/warrior-league-start-lundburgerr | https://kami-labs.fr/en/path-of-exile-2/builds-path-of-exile-2/build-guerrier-shieldwall-smith-kitava-saison-5/,Official mechanic is real; use the primary creator’s endgame scope and label the percentage as his estimate. The old after-Act-3 wording exists in Kami-labs but is not the primary guide’s scope.,2026-10-06 JST,0.5.5; official latest patch checked 0.5.5e (stage-tabs-2026-10-06.json addendum; claim check date unchanged),"A cited historical patch, extracted tooltip or creator guide does not certify every current variant."
dictionary/skill-gem:1,https://poe2-build-navi-jp.github.io/dictionary/skill-gem/,data/dictionary.json,/2/oneLine,スキルパネルにはめて、攻撃や魔法などのスキルを使えるようにするジェム。,secondary_corroborated,secondary,https://www.poe2wiki.net/wiki/Spirit_Gem,"This is a location-level evidence record, not a whole-page or gameplay certification.",2026-10-06 JST,0.5.5; official latest patch checked 0.5.5e (stage-tabs-2026-10-06.json addendum; claim check date unchanged),"A cited historical patch, extracted tooltip or creator guide does not certify every current variant."
dictionary/skill-gem:2,https://poe2-build-navi-jp.github.io/dictionary/skill-gem/,data/dictionary.json,/2/description,スキルジェムは、スキルパネルにはめて攻撃や魔法などのスキルを使えるようにするジェムです。はめたスキルはキーに割り当てて使います。常駐するバフや永続ミニオンを使うSpiritジェムもスキルジェムの一種です。,secondary_corroborated,secondary,https://www.poe2wiki.net/wiki/Spirit_Gem,"This is a location-level evidence record, not a whole-page or gameplay certification.",2026-10-06 JST,0.5.5; official latest patch checked 0.5.5e (stage-tabs-2026-10-06.json addendum; claim check date unchanged),"A cited historical patch, extracted tooltip or creator guide does not certify every current variant."
dictionary/skill-gem:3,https://poe2-build-navi-jp.github.io/dictionary/skill-gem/,data/dictionary.json,/2/importance,スキルジェムのレベル条件を知らないと、「主力スキルがまだ使えない」理由が分からずに迷います。ジェムのレベルは火力に直結するため、Uncut Skill Gemを主力に優先して使うことも大切です。,editorial_advice,editorial,,"This is a location-level evidence record, not a whole-page or gameplay certification.",2026-10-06 JST,0.5.5; official latest patch checked 0.5.5e (stage-tabs-2026-10-06.json addendum; claim check date unchanged),"A cited historical patch, extracted tooltip or creator guide does not certify every current variant."
dictionary/skill-gem:4,https://poe2-build-navi-jp.github.io/dictionary/skill-gem/,data/dictionary.json,/2/sections/0/bullets/0,同時にセットできるスキルジェムは通常9個まで。Unset Ring（指輪のベースタイプ）などでスキル枠を増やせる。,secondary_corroborated,extracted_game_data / secondary,https://www.poe2wiki.net/wiki/Gem | https://poe2db.tw/us/Unset_Ring,Mechanics group 1: Default skill-gem slots and Unset Ring. Current extracted data lacks an explicit game-build stamp; official statements retain their cited patch scope.,2026-10-06 JST,0.5.5; official latest patch checked 0.5.5e (stage-tabs-2026-10-06.json addendum; claim check date unchanged),"A cited historical patch, extracted tooltip or creator guide does not certify every current variant."
dictionary/skill-gem:5,https://poe2-build-navi-jp.github.io/dictionary/skill-gem/,data/dictionary.json,/2/sections/0/bullets/1,使うには、ジェムのレベル条件と能力値（筋力・器用さ・知性）の条件を満たす必要がある。ジェムのレベルが上がるほど条件も上がる。,secondary_corroborated,extracted_game_data / secondary,https://poe2db.tw/us/Shield_Wall | https://www.poe2wiki.net/wiki/Gem,Mechanics group 3: Skill-gem level/attribute requirements and listed level breakpoints. Current extracted data lacks an explicit game-build stamp; official statements retain their cited patch scope.,2026-10-06 JST,0.5.5; official latest patch checked 0.5.5e (stage-tabs-2026-10-06.json addendum; claim check date unchanged),"A cited historical patch, extracted tooltip or creator guide does not certify every current variant."
dictionary/skill-gem:6,https://poe2-build-navi-jp.github.io/dictionary/skill-gem/,data/dictionary.json,/2/sections/0/bullets/2,スキルジェムはUncut Skill Gemから作る。作ったジェムのレベルは、使ったUncut Skill Gemのレベルになる。,secondary_corroborated,secondary,https://www.poe2wiki.net/wiki/Spirit_Gem,"This is a location-level evidence record, not a whole-page or gameplay certification.",2026-10-06 JST,0.5.5; official latest patch checked 0.5.5e (stage-tabs-2026-10-06.json addendum; claim check date unchanged),"A cited historical patch, extracted tooltip or creator guide does not certify every current variant."
dictionary/skill-gem:7,https://poe2-build-navi-jp.github.io/dictionary/skill-gem/,data/dictionary.json,/2/sections/0/bullets/3,作ったジェムは、Uncut Skill Gemを使ってレベル20まで上げられる。品質はGemcutter's Prismで5%ずつ、20%まで上げられる。,supported,extracted_game_data / official_GGG / secondary_documentation,https://poe2db.tw/us/Uncut_Skill_Gems | https://www.pathofexile.com/forum/view-thread/3611708/filter-account-type/staff | https://www.poe2wiki.net/wiki/Gemcutter%27s_Prism,出典の範囲内で文言を確認。実測・全構成の保証ではありません。,2026-10-06 JST,0.5.5; official latest patch checked 0.5.5e (stage-tabs-2026-10-06.json addendum; claim check date unchanged),"A cited historical patch, extracted tooltip or creator guide does not certify every current variant."
dictionary/skill-gem:8,https://poe2-build-navi-jp.github.io/dictionary/skill-gem/,data/dictionary.json,/2/sections/0/bullets/4,Spiritジェムは、Uncut Spirit Gemからしか作れない。,secondary_corroborated,secondary,https://www.poe2wiki.net/wiki/Spirit_Gem,"This is a location-level evidence record, not a whole-page or gameplay certification.",2026-10-06 JST,0.5.5; official latest patch checked 0.5.5e (stage-tabs-2026-10-06.json addendum; claim check date unchanged),"A cited historical patch, extracted tooltip or creator guide does not certify every current variant."
dictionary/skill-gem:9,https://poe2-build-navi-jp.github.io/dictionary/skill-gem/,data/dictionary.json,/2/sections/1/paragraphs/0,強力なスキルほど、使えるようになるまでのレベルが高いことがあります。ビルドによっては、主力を使える条件がそろうまで別のスキルで進めます。,editorial_advice,editorial,,"This is a location-level evidence record, not a whole-page or gameplay certification.",2026-10-06 JST,0.5.5; official latest patch checked 0.5.5e (stage-tabs-2026-10-06.json addendum; claim check date unchanged),"A cited historical patch, extracted tooltip or creator guide does not certify every current variant."
dictionary/skill-gem:10,https://poe2-build-navi-jp.github.io/dictionary/skill-gem/,data/dictionary.json,/2/buildExamples/0/text,シールドウォールはTier 7のジェムで、使えるのはLv22から。,secondary_corroborated,secondary,https://www.poe2wiki.net/wiki/Engrave,"This is a location-level evidence record, not a whole-page or gameplay certification.",2026-10-06 JST,0.5.5; official latest patch checked 0.5.5e (stage-tabs-2026-10-06.json addendum; claim check date unchanged),"A cited historical patch, extracted tooltip or creator guide does not certify every current variant."
dictionary/skill-gem:11,https://poe2-build-navi-jp.github.io/dictionary/skill-gem/,data/dictionary.json,/2/buildExamples/1/text,アイスショットは、レベル9のジェムの必要キャラクターレベルであるLv31から。,secondary_corroborated,secondary,https://www.poe2wiki.net/wiki/Engrave,"This is a location-level evidence record, not a whole-page or gameplay certification.",2026-10-06 JST,0.5.5; official latest patch checked 0.5.5e (stage-tabs-2026-10-06.json addendum; claim check date unchanged),"A cited historical patch, extracted tooltip or creator guide does not certify every current variant."
dictionary/skill-gem:12,https://poe2-build-navi-jp.github.io/dictionary/skill-gem/,data/dictionary.json,/2/buildExamples/2/text,ワーリングアサルトはTier 11のジェムで、使えるのはLv41から。,secondary_corroborated,secondary,https://www.poe2wiki.net/wiki/Engrave,"This is a location-level evidence record, not a whole-page or gameplay certification.",2026-10-06 JST,0.5.5; official latest patch checked 0.5.5e (stage-tabs-2026-10-06.json addendum; claim check date unchanged),"A cited historical patch, extracted tooltip or creator guide does not certify every current variant."
dictionary/skill-gem:13,https://poe2-build-navi-jp.github.io/dictionary/skill-gem/,data/dictionary.json,/2/buildExamples/3/text,テイムビーストはTier 7のジェムで、序盤は使えない。,confirmed_as_scoped,official_GGG,https://www.pathofexile.com/forum/view-thread/3932540,"This is a location-level evidence record, not a whole-page or gameplay certification.",2026-10-06 JST,0.5.5; official latest patch checked 0.5.5e (stage-tabs-2026-10-06.json addendum; claim check date unchanged),"A cited historical patch, extracted tooltip or creator guide does not certify every current variant."
dictionary/support-gem:1,https://poe2-build-navi-jp.github.io/dictionary/support-gem/,data/dictionary.json,/3/oneLine,スキルジェムにはめて、そのスキルの効果を強めたり変えたりするジェム。,confirmed_as_scoped,official_GGG,https://www.pathofexile.com/forum/view-thread/3826682/filter-account-type/staff,"This is a location-level evidence record, not a whole-page or gameplay certification.",2026-10-06 JST,0.5.5; official latest patch checked 0.5.5e (stage-tabs-2026-10-06.json addendum; claim check date unchanged),"A cited historical patch, extracted tooltip or creator guide does not certify every current variant."
dictionary/support-gem:2,https://poe2-build-navi-jp.github.io/dictionary/support-gem/,data/dictionary.json,/3/description,サポートジェムは、スキルジェムにはめて、そのスキルの効果を変えるジェムです。ダメージを増やす、範囲を広げる、攻撃速度を上げるなど、スキルの性能を伸ばすために使います。,confirmed_as_scoped,official_GGG,https://www.pathofexile.com/forum/view-thread/3826682/filter-account-type/staff,"This is a location-level evidence record, not a whole-page or gameplay certification.",2026-10-06 JST,0.5.5; official latest patch checked 0.5.5e (stage-tabs-2026-10-06.json addendum; claim check date unchanged),"A cited historical patch, extracted tooltip or creator guide does not certify every current variant."
dictionary/support-gem:3,https://poe2-build-navi-jp.github.io/dictionary/support-gem/,data/dictionary.json,/3/importance,同じスキルでも、付けるサポートで火力や使い心地が大きく変わります。能力値の上限や同じ種類の重複の制限を知らないと、ビルドガイドどおりにはめられない原因が分からなくなります。,editorial_advice,editorial,,"This is a location-level evidence record, not a whole-page or gameplay certification.",2026-10-06 JST,0.5.5; official latest patch checked 0.5.5e (stage-tabs-2026-10-06.json addendum; claim check date unchanged),"A cited historical patch, extracted tooltip or creator guide does not certify every current variant."
dictionary/support-gem:4,https://poe2-build-navi-jp.github.io/dictionary/support-gem/,data/dictionary.json,/3/sections/0/bullets/0,1つのスキルに付けられるサポートは、最初は2つ。Jeweller's Orbでさらに3つまで増やせる（最大5つ）。,confirmed_as_scoped,official_GGG,https://www.pathofexile.com/forum/view-thread/3740562/filter-account-type/staff,Mechanics group 4: Support sockets start at two and can reach five. Current extracted data lacks an explicit game-build stamp; official statements retain their cited patch scope.,2026-10-06 JST,0.5.5; official latest patch checked 0.5.5e (stage-tabs-2026-10-06.json addendum; claim check date unchanged),"A cited historical patch, extracted tooltip or creator guide does not certify every current variant."
dictionary/support-gem:5,https://poe2-build-navi-jp.github.io/dictionary/support-gem/,data/dictionary.json,/3/sections/0/bullets/1,同じ種類（カテゴリ）のサポートは、1つのスキルに重ねて付けられない。,secondary_corroborated,extracted_game_data / official_GGG,https://poe2db.tw/us/Adhesive_Grenades_III | https://www.pathofexile.com/forum/view-thread/3826682/filter-account-type/staff,Mechanics group 5: Same support category cannot repeat in one skill. Current extracted data lacks an explicit game-build stamp; official statements retain their cited patch scope.,2026-10-06 JST,0.5.5; official latest patch checked 0.5.5e (stage-tabs-2026-10-06.json addendum; claim check date unchanged),"A cited historical patch, extracted tooltip or creator guide does not certify every current variant."
dictionary/support-gem:6,https://poe2-build-navi-jp.github.io/dictionary/support-gem/,data/dictionary.json,/3/sections/0/bullets/2,赤（筋力）・緑（器用さ）・青（知性）の色ごとに、付けられる総数に上限がある。通常、その能力値5ごとに、その色のサポートを1つ使える。,secondary_corroborated,extracted_game_data / secondary,https://poe2db.tw/us/Support_Gem_Requirements | https://poe2db.tw/us/Gemling_Legionnaire | https://www.poe2wiki.net/wiki/Gem,Mechanics group 6: Support attribute budget: five per coloured support. Current extracted data lacks an explicit game-build stamp; official statements retain their cited patch scope.,2026-10-06 JST,0.5.5; official latest patch checked 0.5.5e (stage-tabs-2026-10-06.json addendum; claim check date unchanged),"A cited historical patch, extracted tooltip or creator guide does not certify every current variant."
dictionary/support-gem:7,https://poe2-build-navi-jp.github.io/dictionary/support-gem/,data/dictionary.json,/3/sections/0/bullets/3,サポートジェムのレベル上げ・コラプトの可否について、当サイトでは全種類に共通する現行ルールの確認を完了していません。,qualified_unresolved,extracted_game_data / official_GGG,https://poe2db.tw/us/Herbalism_I | https://www.pathofexile.com/forum/view-thread/3826682/filter-account-type/staff,"Blanket no-leveling/no-corruption assertion replaced with an explicit verification limit. Official 0.3.0 notes establish support tiers, not a universal leveling/corruption rule; Herbalism I data describes one gem only. No current-client or all-variant verification performed.",2026-10-06 JST,0.5.5; official latest patch checked 0.5.5e (stage-tabs-2026-10-06.json addendum; claim check date unchanged),"A cited historical patch, extracted tooltip or creator guide does not certify every current variant."
dictionary/support-gem:8,https://poe2-build-navi-jp.github.io/dictionary/support-gem/,data/dictionary.json,/3/sections/0/bullets/4,Lineageサポートは特別なサポートで、Uncut Support Gemからは作れず、ドロップなどで入手する。同じLineageサポートは通常、すべてのスキルを合わせて1つまで。Solus Ipseを装備すると、別のスキルに追加で2つ使える。,confirmed_as_scoped,extracted_game_data / official_GGG / secondary,https://www.pathofexile.com/forum/view-thread/3883495/filter-account-type/staff | https://poe2db.tw/us/Solus_Ipse | https://www.poe2wiki.net/wiki/Lineage_support_gem,"Mechanics group 8: Lineage acquisition, duplicate limit and Solus Ipse. Current extracted data lacks an explicit game-build stamp; official statements retain their cited patch scope.",2026-10-06 JST,0.5.5; official latest patch checked 0.5.5e (stage-tabs-2026-10-06.json addendum; claim check date unchanged),"A cited historical patch, extracted tooltip or creator guide does not certify every current variant."
dictionary/support-gem:9,https://poe2-build-navi-jp.github.io/dictionary/support-gem/,data/dictionary.json,/3/sections/1/paragraphs/0,特別な効果がなければ、筋力20・器用さ40・知性30のキャラクターなら、赤4つ・緑8つ・青6つまでサポートを使えます。能力値が足りないと、持っているサポートをはめられないことがあります。,secondary_corroborated,extracted_game_data / secondary,https://poe2db.tw/us/Support_Gem_Requirements | https://poe2db.tw/us/Gemling_Legionnaire | https://www.poe2wiki.net/wiki/Gem,Mechanics group 6: Support attribute budget: five per coloured support. Current extracted data lacks an explicit game-build stamp; official statements retain their cited patch scope.,2026-10-06 JST,0.5.5; official latest patch checked 0.5.5e (stage-tabs-2026-10-06.json addendum; claim check date unchanged),"A cited historical patch, extracted tooltip or creator guide does not certify every current variant."
dictionary/support-gem:10,https://poe2-build-navi-jp.github.io/dictionary/support-gem/,data/dictionary.json,/3/buildExamples/0/text,PoE VaultのPowered Zealot型Endgameガイド（0.5・2026年6月24日更新）は、上位構成のLineageサポートを高価と評している。,supported,creator_guide,https://www.poe-vault.com/poe2/witch/infernalist/spectre-build-guide,出典の範囲内で文言を確認。実測・全構成の保証ではありません。,2026-10-06 JST,0.5.5; official latest patch checked 0.5.5e (stage-tabs-2026-10-06.json addendum; claim check date unchanged),"A cited historical patch, extracted tooltip or creator guide does not certify every current variant."
dictionary/support-gem:11,https://poe2-build-navi-jp.github.io/dictionary/support-gem/,data/dictionary.json,/3/buildExamples/1/text,ジェムリング・リージョネアは、はめたサポートの色の配分に応じて効果を得るアセンダンシー。,secondary_corroborated,secondary,https://www.poe2wiki.net/wiki/Gemling_Legionnaire | https://mobalytics.gg/poe-2/guides/gemling-legionnaire | https://www.pathofexile.com/forum/view-thread/3826682/filter-account-type/staff,"This is a location-level evidence record, not a whole-page or gameplay certification.",2026-10-06 JST,0.5.5; official latest patch checked 0.5.5e (stage-tabs-2026-10-06.json addendum; claim check date unchanged),"A cited historical patch, extracted tooltip or creator guide does not certify every current variant."
dictionary/passive-tree:1,https://poe2-build-navi-jp.github.io/dictionary/passive-tree/,data/dictionary.json,/4/oneLine,レベルアップなどで得たポイントを振って、能力や効果を取る巨大なツリー。,secondary_corroborated,secondary,https://www.poe2wiki.net/wiki/Passive_Tree,"This is a location-level evidence record, not a whole-page or gameplay certification.",2026-10-06 JST,0.5.5; official latest patch checked 0.5.5e (stage-tabs-2026-10-06.json addendum; claim check date unchanged),"A cited historical patch, extracted tooltip or creator guide does not certify every current variant."
dictionary/passive-tree:2,https://poe2-build-navi-jp.github.io/dictionary/passive-tree/,data/dictionary.json,/4/description,パッシブツリーは、レベルアップやクエストで得たパッシブスキルポイントを振って、ダメージや防御などの能力を伸ばす仕組みです。職業ごとに開始位置が決まっていて、そこからつながったノードを順番に取っていきます。,secondary_corroborated,secondary,https://www.poe2wiki.net/wiki/Passive_Tree,"This is a location-level evidence record, not a whole-page or gameplay certification.",2026-10-06 JST,0.5.5; official latest patch checked 0.5.5e (stage-tabs-2026-10-06.json addendum; claim check date unchanged),"A cited historical patch, extracted tooltip or creator guide does not certify every current variant."
dictionary/passive-tree:3,https://poe2-build-navi-jp.github.io/dictionary/passive-tree/,data/dictionary.json,/4/importance,パッシブツリーは広く、ポイントも限られています。段階ごとに何を取るかを決めずに振ると、必要な能力に届かず、振り直しのゴールドも足りなくなります。,editorial_advice,editorial,,"This is a location-level evidence record, not a whole-page or gameplay certification.",2026-10-06 JST,0.5.5; official latest patch checked 0.5.5e (stage-tabs-2026-10-06.json addendum; claim check date unchanged),"A cited historical patch, extracted tooltip or creator guide does not certify every current variant."
dictionary/passive-tree:4,https://poe2-build-navi-jp.github.io/dictionary/passive-tree/,data/dictionary.json,/4/sections/0/bullets/0,レベルが1上がるごとに1ポイント。レベルから最大99ポイント、クエストから最大24ポイントで、基本合計123ポイント。アセンダンシーなどによる追加ポイントは別。,corrected_or_qualified,extracted_game_data / secondary,https://www.poe2wiki.net/wiki/Passive_skill_tree | https://poe2db.tw/us/Pathfinder,"Mechanics group 10: Passive total: baseline 99 levels + 24 quests, not absolute cap. Current extracted data lacks an explicit game-build stamp; official statements retain their cited patch scope.",2026-10-06 JST,0.5.5; official latest patch checked 0.5.5e (stage-tabs-2026-10-06.json addendum; claim check date unchanged),"A cited historical patch, extracted tooltip or creator guide does not certify every current variant."
dictionary/passive-tree:5,https://poe2-build-navi-jp.github.io/dictionary/passive-tree/,data/dictionary.json,/4/sections/0/bullets/1,キャンペーン中には最大24ポイントを、武器セットごとに別々のノードへ振り分けられる。これは通常のパッシブポイントの使い分けで、合計123ポイントにさらに24ポイントが加わるわけではない。,secondary_corroborated,extracted_game_data / secondary,https://poe2db.tw/us/Keywords | https://www.poe2wiki.net/wiki/Weapon_set | https://www.poe2wiki.net/wiki/Passive_Tree,"Mechanics group 11: Campaign weapon-set points are alternate allocations, not 123+24. Current extracted data lacks an explicit game-build stamp; official statements retain their cited patch scope.",2026-10-06 JST,0.5.5; official latest patch checked 0.5.5e (stage-tabs-2026-10-06.json addendum; claim check date unchanged),"A cited historical patch, extracted tooltip or creator guide does not certify every current variant."
dictionary/passive-tree:6,https://poe2-build-navi-jp.github.io/dictionary/passive-tree/,data/dictionary.json,/4/sections/1/bullets/0,能力値ノード：筋力・器用さ・知性のどれかを+5。あとから別の能力値に変えられる。,secondary_corroborated,secondary,https://www.poe2wiki.net/wiki/Passive_Tree,"This is a location-level evidence record, not a whole-page or gameplay certification.",2026-10-06 JST,0.5.5; official latest patch checked 0.5.5e (stage-tabs-2026-10-06.json addendum; claim check date unchanged),"A cited historical patch, extracted tooltip or creator guide does not certify every current variant."
dictionary/passive-tree:7,https://poe2-build-navi-jp.github.io/dictionary/passive-tree/,data/dictionary.json,/4/sections/1/bullets/1,小さなパッシブ：少しの能力上昇。その先にある大きな効果（ノータブル）へつながる。,secondary_corroborated,secondary,https://www.poe2wiki.net/wiki/Passive_Tree,"This is a location-level evidence record, not a whole-page or gameplay certification.",2026-10-06 JST,0.5.5; official latest patch checked 0.5.5e (stage-tabs-2026-10-06.json addendum; claim check date unchanged),"A cited historical patch, extracted tooltip or creator guide does not certify every current variant."
dictionary/passive-tree:8,https://poe2-build-navi-jp.github.io/dictionary/passive-tree/,data/dictionary.json,/4/sections/1/bullets/2,ジュエルソケット：ジュエルをはめて効果を得る。,secondary_corroborated,secondary,https://www.poe2wiki.net/wiki/Passive_Tree,"This is a location-level evidence record, not a whole-page or gameplay certification.",2026-10-06 JST,0.5.5; official latest patch checked 0.5.5e (stage-tabs-2026-10-06.json addendum; claim check date unchanged),"A cited historical patch, extracted tooltip or creator guide does not certify every current variant."
dictionary/passive-tree:9,https://poe2-build-navi-jp.github.io/dictionary/passive-tree/,data/dictionary.json,/4/sections/1/bullets/3,キーストーン：大きな効果と引き換えに、欠点も持つことが多い。,secondary_corroborated,secondary,https://www.poe2wiki.net/wiki/Passive_Tree,"This is a location-level evidence record, not a whole-page or gameplay certification.",2026-10-06 JST,0.5.5; official latest patch checked 0.5.5e (stage-tabs-2026-10-06.json addendum; claim check date unchanged),"A cited historical patch, extracted tooltip or creator guide does not certify every current variant."
dictionary/passive-tree:10,https://poe2-build-navi-jp.github.io/dictionary/passive-tree/,data/dictionary.json,/4/sections/2/paragraphs/0,取ったノードは、ゴールドを払って外せます。費用はキャラクターのレベルが高いほど増えるため、ビルドの切替時期にはゴールドを残しておくと安心です。,secondary_corroborated,secondary,https://www.poe2wiki.net/wiki/Passive_Tree,"This is a location-level evidence record, not a whole-page or gameplay certification.",2026-10-06 JST,0.5.5; official latest patch checked 0.5.5e (stage-tabs-2026-10-06.json addendum; claim check date unchanged),"A cited historical patch, extracted tooltip or creator guide does not certify every current variant."
dictionary/passive-tree:11,https://poe2-build-navi-jp.github.io/dictionary/passive-tree/,data/dictionary.json,/4/buildExamples/0/text,ツイスター型から相棒型へ切り替えるとき、振り直し用のゴールドを残しておく必要がある。,editorial_advice,editorial,,"This is a location-level evidence record, not a whole-page or gameplay certification.",2026-10-06 JST,0.5.5; official latest patch checked 0.5.5e (stage-tabs-2026-10-06.json addendum; claim check date unchanged),"A cited historical patch, extracted tooltip or creator guide does not certify every current variant."
dictionary/passive-tree:12,https://poe2-build-navi-jp.github.io/dictionary/passive-tree/,data/dictionary.json,/4/buildExamples/1/text,オラクルのEntwined Realitiesは、取得済みキーストーンの中範囲内にある、キーストーン以外のパッシブを、ツリーにつながっていなくても取得できる。,narrowed,extracted_game_data,https://poe2db.tw/us/Oracle,確認できる条件・著者・版・対象に限定。元の広い断定を確認済みとはしません。,2026-10-06 JST,0.5.5; official latest patch checked 0.5.5e (stage-tabs-2026-10-06.json addendum; claim check date unchanged),"A cited historical patch, extracted tooltip or creator guide does not certify every current variant."
dictionary/resistance:1,https://poe2-build-navi-jp.github.io/dictionary/resistance/,data/dictionary.json,/5/oneLine,火・冷気・雷・混沌ダメージを割合で減らす防御。上限は通常75%。,secondary_corroborated,secondary,https://www.poe2wiki.net/wiki/Resistance,"This is a location-level evidence record, not a whole-page or gameplay certification.",2026-10-06 JST,0.5.5; official latest patch checked 0.5.5e (stage-tabs-2026-10-06.json addendum; claim check date unchanged),"A cited historical patch, extracted tooltip or creator guide does not certify every current variant."
dictionary/resistance:2,https://poe2-build-navi-jp.github.io/dictionary/resistance/,data/dictionary.json,/5/description,耐性は、火・冷気・雷・混沌の各ダメージを一定の割合で減らす防御です。火・冷気・雷の3つをまとめて元素耐性と呼びます。値は0%から始まり、マイナスになると受けるダメージが増えます。,secondary_corroborated,secondary,https://www.poe2wiki.net/wiki/Resistance,"This is a location-level evidence record, not a whole-page or gameplay certification.",2026-10-06 JST,0.5.5; official latest patch checked 0.5.5e (stage-tabs-2026-10-06.json addendum; claim check date unchanged),"A cited historical patch, extracted tooltip or creator guide does not certify every current variant."
dictionary/resistance:3,https://poe2-build-navi-jp.github.io/dictionary/resistance/,data/dictionary.json,/5/importance,耐性が上限に届いていないと、同じ攻撃でも受けるダメージが大きく増えます。高い耐性ほど1%の差が効くため、「すぐ死ぬ」ときに最初に確認する項目です。,editorial_advice,editorial,,"This is a location-level evidence record, not a whole-page or gameplay certification.",2026-10-06 JST,0.5.5; official latest patch checked 0.5.5e (stage-tabs-2026-10-06.json addendum; claim check date unchanged),"A cited historical patch, extracted tooltip or creator guide does not certify every current variant."
dictionary/resistance:4,https://poe2-build-navi-jp.github.io/dictionary/resistance/,data/dictionary.json,/5/sections/0/bullets/0,耐性の上限は通常75%。上限を上げる効果を使っても90%が最大。,secondary_corroborated,secondary,https://www.poe2wiki.net/wiki/Resistance,"This is a location-level evidence record, not a whole-page or gameplay certification.",2026-10-06 JST,0.5.5; official latest patch checked 0.5.5e (stage-tabs-2026-10-06.json addendum; claim check date unchanged),"A cited historical patch, extracted tooltip or creator guide does not certify every current variant."
dictionary/resistance:5,https://poe2-build-navi-jp.github.io/dictionary/resistance/,data/dictionary.json,/5/sections/0/bullets/1,ゲームを進めると元素耐性にペナルティがかかる：Act 2で-10%、Act 3で-20%、Act 4で-30%、Interludeでエリアレベル54〜59が-40%、60〜64が-50%、Endgame（エリアレベル65以上）で-60%。,secondary_corroborated,secondary,https://www.poe2wiki.net/wiki/Resistance,"This is a location-level evidence record, not a whole-page or gameplay certification.",2026-10-06 JST,0.5.5; official latest patch checked 0.5.5e (stage-tabs-2026-10-06.json addendum; claim check date unchanged),"A cited historical patch, extracted tooltip or creator guide does not certify every current variant."
dictionary/resistance:6,https://poe2-build-navi-jp.github.io/dictionary/resistance/,data/dictionary.json,/5/sections/0/bullets/2,そのため、キャンペーン序盤に足りていた耐性も、Actを進めるごとに装備で補い直す必要がある。,editorial_advice,editorial,,"This is a location-level evidence record, not a whole-page or gameplay certification.",2026-10-06 JST,0.5.5; official latest patch checked 0.5.5e (stage-tabs-2026-10-06.json addendum; claim check date unchanged),"A cited historical patch, extracted tooltip or creator guide does not certify every current variant."
dictionary/resistance:7,https://poe2-build-navi-jp.github.io/dictionary/resistance/,data/dictionary.json,/5/sections/1/bullets/0,Act 1 Clearfell：Beira of the Rotten Packの報酬で冷気耐性+10%,secondary_corroborated,secondary,https://www.poe2wiki.net/wiki/Resistance,"This is a location-level evidence record, not a whole-page or gameplay certification.",2026-10-06 JST,0.5.5; official latest patch checked 0.5.5e (stage-tabs-2026-10-06.json addendum; claim check date unchanged),"A cited historical patch, extracted tooltip or creator guide does not certify every current variant."
dictionary/resistance:8,https://poe2-build-navi-jp.github.io/dictionary/resistance/,data/dictionary.json,/5/sections/1/bullets/1,Act 2 The Spires of Deshar：Sisters of Garukhanで雷耐性+10%,secondary_corroborated,secondary,https://www.poe2wiki.net/wiki/Resistance,"This is a location-level evidence record, not a whole-page or gameplay certification.",2026-10-06 JST,0.5.5; official latest patch checked 0.5.5e (stage-tabs-2026-10-06.json addendum; claim check date unchanged),"A cited historical patch, extracted tooltip or creator guide does not certify every current variant."
dictionary/resistance:9,https://poe2-build-navi-jp.github.io/dictionary/resistance/,data/dictionary.json,/5/sections/1/bullets/2,"Act 3 Jiquani's Machinarium：Blackjaw, the Remnantの報酬で火耐性+10%",secondary_corroborated,secondary,https://www.poe2wiki.net/wiki/Resistance,"This is a location-level evidence record, not a whole-page or gameplay certification.",2026-10-06 JST,0.5.5; official latest patch checked 0.5.5e (stage-tabs-2026-10-06.json addendum; claim check date unchanged),"A cited historical patch, extracted tooltip or creator guide does not certify every current variant."
dictionary/resistance:10,https://poe2-build-navi-jp.github.io/dictionary/resistance/,data/dictionary.json,/5/sections/1/bullets/3,Act 4 Halls of the Dead：タトゥー報酬で、冷気耐性+5%か知性+5、火耐性+5%か筋力+5、雷耐性+5%か器用さ+5をそれぞれ選べる。,corrected_or_qualified,secondary-confirmed-high-confidence,https://www.poe2wiki.net/wiki/Quest_reward,"These are choices, not automatic receipt of three resistance rewards.",2026-10-06 JST,0.5.5; official latest patch checked 0.5.5e (stage-tabs-2026-10-06.json addendum; claim check date unchanged),"A cited historical patch, extracted tooltip or creator guide does not certify every current variant."
dictionary/resistance:11,https://poe2-build-navi-jp.github.io/dictionary/resistance/,data/dictionary.json,/5/buildExamples/0/text,「Coal Stoker」を取得すると、火耐性の修正値の50%が冷気・雷耐性にも加わる。火耐性を増やす装備は、冷気・雷耐性を補う助けにもなる。,corrected,extracted_game_data,https://poe2db.tw/us/Smith_of_Kitava,出典と一致しない文言を訂正。,2026-10-06 JST,0.5.5; official latest patch checked 0.5.5e (stage-tabs-2026-10-06.json addendum; claim check date unchanged),"A cited historical patch, extracted tooltip or creator guide does not certify every current variant."
dictionary/resistance:12,https://poe2-build-navi-jp.github.io/dictionary/resistance/,data/dictionary.json,/5/buildExamples/1/text,マップ開始時に元素耐性75%を確保し、装備を替えるときも上限を割らないようにする。,editorial_advice,editorial,,"This is a location-level evidence record, not a whole-page or gameplay certification.",2026-10-06 JST,0.5.5; official latest patch checked 0.5.5e (stage-tabs-2026-10-06.json addendum; claim check date unchanged),"A cited historical patch, extracted tooltip or creator guide does not certify every current variant."
dictionary/resistance:13,https://poe2-build-navi-jp.github.io/dictionary/resistance/,data/dictionary.json,/5/buildExamples/2/text,キャンペーン後は店とギャンブル店で弱い部位を更新し、まず耐性上限を確保する。,editorial_advice,editorial,,"This is a location-level evidence record, not a whole-page or gameplay certification.",2026-10-06 JST,0.5.5; official latest patch checked 0.5.5e (stage-tabs-2026-10-06.json addendum; claim check date unchanged),"A cited historical patch, extracted tooltip or creator guide does not certify every current variant."
dictionary/mapping:1,https://poe2-build-navi-jp.github.io/dictionary/mapping/,data/dictionary.json,/6/oneLine,Waystoneでマップを開いて攻略する、Endgameの基本の遊び方。,confirmed_as_scoped,official_GGG,https://www.pathofexile.com/forum/view-thread/3932540,"This is a location-level evidence record, not a whole-page or gameplay certification.",2026-10-06 JST,0.5.5; official latest patch checked 0.5.5e (stage-tabs-2026-10-06.json addendum; claim check date unchanged),"A cited historical patch, extracted tooltip or creator guide does not certify every current variant."
dictionary/mapping:2,https://poe2-build-navi-jp.github.io/dictionary/mapping/,data/dictionary.json,/6/description,Mappingは、キャンペーンの後にAtlas（アトラス）上のマップを1つずつ攻略していく、Endgameの基本の遊び方です。マップデバイスにWaystoneを使うと、Atlas上のマップへ入れます。,confirmed_as_scoped,official_GGG,https://www.pathofexile.com/forum/view-thread/3932540,"This is a location-level evidence record, not a whole-page or gameplay certification.",2026-10-06 JST,0.5.5; official latest patch checked 0.5.5e (stage-tabs-2026-10-06.json addendum; claim check date unchanged),"A cited historical patch, extracted tooltip or creator guide does not certify every current variant."
dictionary/mapping:3,https://poe2-build-navi-jp.github.io/dictionary/mapping/,data/dictionary.json,/6/importance,Endgameでは、元素耐性に-60%のペナルティがかかります（エリアレベル65以上）。耐性や防御が足りないままマップへ進むと、何度も倒れて復活回数を使い切ってしまいます。,secondary_corroborated,secondary,https://www.poe2wiki.net/wiki/Resistance,"This is a location-level evidence record, not a whole-page or gameplay certification.",2026-10-06 JST,0.5.5; official latest patch checked 0.5.5e (stage-tabs-2026-10-06.json addendum; claim check date unchanged),"A cited historical patch, extracted tooltip or creator guide does not certify every current variant."
dictionary/mapping:4,https://poe2-build-navi-jp.github.io/dictionary/mapping/,data/dictionary.json,/6/sections/0/bullets/0,Waystoneのティアは1〜16。ティアが高いほどエリアレベル（敵の強さ）が上がる。ティア1でエリアレベル65、ティア15で79。,supported,extracted_game_data,https://poe2db.tw/us/Waystones,出典の範囲内で文言を確認。実測・全構成の保証ではありません。,2026-10-06 JST,0.5.5; official latest patch checked 0.5.5e (stage-tabs-2026-10-06.json addendum; claim check date unchanged),"A cited historical patch, extracted tooltip or creator guide does not certify every current variant."
dictionary/mapping:5,https://poe2-build-navi-jp.github.io/dictionary/mapping/,data/dictionary.json,/6/sections/0/bullets/1,Waystoneに付いた効果は、そのままマップの効果になる。敵が強くなる代わりに報酬が増える。,confirmed_as_scoped,official_GGG,https://www.pathofexile.com/forum/view-thread/3932540,"This is a location-level evidence record, not a whole-page or gameplay certification.",2026-10-06 JST,0.5.5; official latest patch checked 0.5.5e (stage-tabs-2026-10-06.json addendum; claim check date unchanged),"A cited historical patch, extracted tooltip or creator guide does not certify every current variant."
dictionary/mapping:6,https://poe2-build-navi-jp.github.io/dictionary/mapping/,data/dictionary.json,/6/sections/0/bullets/2,マップのボスを倒すとマップ完了になり、つながった隣のマップへ進めるようになる。,confirmed_as_scoped,official_GGG,https://www.pathofexile.com/forum/view-thread/3862213,"This is a location-level evidence record, not a whole-page or gameplay certification.",2026-10-06 JST,0.5.5; official latest patch checked 0.5.5e (stage-tabs-2026-10-06.json addendum; claim check date unchanged),"A cited historical patch, extracted tooltip or creator guide does not certify every current variant."
dictionary/mapping:7,https://poe2-build-navi-jp.github.io/dictionary/mapping/,data/dictionary.json,/6/sections/1/bullets/0,マップ内で倒れると復活回数を1つ使う。復活回数はマップデバイスのポータルの数で表示される。,corrected_or_qualified,extracted_game_data / official_GGG / secondary,https://www.pathofexile.com/forum/view-thread/3740562/filter-account-type/staff | https://poe2db.tw/us/Revival_Availability | https://www.poe2wiki.net/wiki/Map | https://poe2db.tw/us/Masters_of_the_Atlas,"Mechanics group 19: Map revives, portal indicator and six-mod baseline. Current extracted data lacks an explicit game-build stamp; official statements retain their cited patch scope.",2026-10-06 JST,0.5.5; official latest patch checked 0.5.5e (stage-tabs-2026-10-06.json addendum; claim check date unchanged),"A cited historical patch, extracted tooltip or creator guide does not certify every current variant."
dictionary/mapping:8,https://poe2-build-navi-jp.github.io/dictionary/mapping/,data/dictionary.json,/6/sections/1/bullets/1,Waystoneの明示的な追加効果が多いほど復活回数が減り、6つ以上では通常0回になる。Doryani's ScienceのStitch the Fleshを選ぶと、復活回数が1回増える（最大6回）。,corrected_or_qualified,extracted_game_data / official_GGG / secondary,https://www.pathofexile.com/forum/view-thread/3740562/filter-account-type/staff | https://poe2db.tw/us/Revival_Availability | https://www.poe2wiki.net/wiki/Map | https://poe2db.tw/us/Masters_of_the_Atlas,"Mechanics group 19: Map revives, portal indicator and six-mod baseline. Current extracted data lacks an explicit game-build stamp; official statements retain their cited patch scope.",2026-10-06 JST,0.5.5; official latest patch checked 0.5.5e (stage-tabs-2026-10-06.json addendum; claim check date unchanged),"A cited historical patch, extracted tooltip or creator guide does not certify every current variant."
dictionary/mapping:9,https://poe2-build-navi-jp.github.io/dictionary/mapping/,data/dictionary.json,/6/sections/1/bullets/2,復活回数を使い切るとマップは失敗扱いになる。新しいWaystoneでもう一度挑めるが、追加の要素はなくなり、そのマップでの獲得経験値は50%減少する。,secondary_corroborated,official_GGG / secondary,https://www.poe2wiki.net/wiki/Atlas | https://www.poe2wiki.net/wiki/Death | https://www.pathofexile.com/forum/view-thread/3740562/filter-account-type/staff,Mechanics group 20: Failed-map retry penalties and boss-retry content removal. Current extracted data lacks an explicit game-build stamp; official statements retain their cited patch scope.,2026-10-06 JST,0.5.5; official latest patch checked 0.5.5e (stage-tabs-2026-10-06.json addendum; claim check date unchanged),"A cited historical patch, extracted tooltip or creator guide does not certify every current variant."
dictionary/mapping:10,https://poe2-build-navi-jp.github.io/dictionary/mapping/,data/dictionary.json,/6/sections/1/bullets/3,マップのボスに倒されると、そのマップの他の敵や要素が消える。ボスの前に他の要素を済ませるのがおすすめ。,secondary_corroborated,official_GGG / secondary,https://www.poe2wiki.net/wiki/Atlas | https://www.poe2wiki.net/wiki/Death | https://www.pathofexile.com/forum/view-thread/3740562/filter-account-type/staff,Mechanics group 20: Failed-map retry penalties and boss-retry content removal. Current extracted data lacks an explicit game-build stamp; official statements retain their cited patch scope.,2026-10-06 JST,0.5.5; official latest patch checked 0.5.5e (stage-tabs-2026-10-06.json addendum; claim check date unchanged),"A cited historical patch, extracted tooltip or creator guide does not certify every current variant."
dictionary/mapping:11,https://poe2-build-navi-jp.github.io/dictionary/mapping/,data/dictionary.json,/6/buildExamples/0/text,Mapping開始の目安は、低ティアのマップを安定して周回し、ボスへ壁を当て続けられること。,editorial_advice,editorial,,"This is a location-level evidence record, not a whole-page or gameplay certification.",2026-10-06 JST,0.5.5; official latest patch checked 0.5.5e (stage-tabs-2026-10-06.json addendum; claim check date unchanged),"A cited historical patch, extracted tooltip or creator guide does not certify every current variant."
dictionary/mapping:12,https://poe2-build-navi-jp.github.io/dictionary/mapping/,data/dictionary.json,/6/buildExamples/1/text,"Endgameの相棒候補Zekoa, the HeadcrusherはRiversideかRuptureのマップのボスとして出る。",supported,extracted_game_data,https://poe2db.tw/us/Waystones | https://poe2db.tw/us/Riverside | https://poe2db.tw/Rupture,出典の範囲内で文言を確認。実測・全構成の保証ではありません。,2026-10-06 JST,0.5.5; official latest patch checked 0.5.5e (stage-tabs-2026-10-06.json addendum; claim check date unchanged),"A cited historical patch, extracted tooltip or creator guide does not certify every current variant."
dictionary/endgame:1,https://poe2-build-navi-jp.github.io/dictionary/endgame/,data/dictionary.json,/7/oneLine,キャンペーンを終えた後に遊ぶ、Atlas（アトラス）でのマップ攻略と強敵との戦い。,confirmed_as_scoped,official_GGG,https://www.pathofexile.com/forum/view-thread/3826682/filter-account-type/staff | https://www.pathofexile.com/forum/view-thread/3932540,"This is a location-level evidence record, not a whole-page or gameplay certification.",2026-10-06 JST,0.5.5; official latest patch checked 0.5.5e (stage-tabs-2026-10-06.json addendum; claim check date unchanged),"A cited historical patch, extracted tooltip or creator guide does not certify every current variant."
dictionary/endgame:2,https://poe2-build-navi-jp.github.io/dictionary/endgame/,data/dictionary.json,/7/description,Endgameは、キャンペーン（Act 1〜4とInterlude）を終えた後に遊ぶ部分です。Atlas（アトラス）と呼ばれる広い地図の上でマップを攻略しながら、装備を集め、強いボスに挑みます。,confirmed_as_scoped,official_GGG,https://www.pathofexile.com/forum/view-thread/3826682/filter-account-type/staff | https://www.pathofexile.com/forum/view-thread/3932540,"This is a location-level evidence record, not a whole-page or gameplay certification.",2026-10-06 JST,0.5.5; official latest patch checked 0.5.5e (stage-tabs-2026-10-06.json addendum; claim check date unchanged),"A cited historical patch, extracted tooltip or creator guide does not certify every current variant."
dictionary/endgame:3,https://poe2-build-navi-jp.github.io/dictionary/endgame/,data/dictionary.json,/7/importance,キャンペーンは進めたのにEndgameで急に倒れやすくなるのは、耐性ペナルティと敵の強さが大きく上がるためです。ビルドのEndgame段階に合わせて、防御と装備を先に整える必要があります。,editorial_advice,editorial,,"This is a location-level evidence record, not a whole-page or gameplay certification.",2026-10-06 JST,0.5.5; official latest patch checked 0.5.5e (stage-tabs-2026-10-06.json addendum; claim check date unchanged),"A cited historical patch, extracted tooltip or creator guide does not certify every current variant."
dictionary/endgame:4,https://poe2-build-navi-jp.github.io/dictionary/endgame/,data/dictionary.json,/7/sections/0/bullets/0,Atlasの出発点はThe Ziggurat Refuge。ここ（または自分のハイドアウト）のマップデバイスでWaystoneを使い、マップへ入る。,confirmed_as_scoped,official_GGG,https://www.pathofexile.com/forum/view-thread/3740562/filter-account-type/staff,"This is a location-level evidence record, not a whole-page or gameplay certification.",2026-10-06 JST,0.5.5; official latest patch checked 0.5.5e (stage-tabs-2026-10-06.json addendum; claim check date unchanged),"A cited historical patch, extracted tooltip or creator guide does not certify every current variant."
dictionary/endgame:5,https://poe2-build-navi-jp.github.io/dictionary/endgame/,data/dictionary.json,/7/sections/0/bullets/1,Atlasは自分専用の進行で、パーティを組んでも他のプレイヤーと共有されない。,secondary_corroborated,secondary,https://www.poe2wiki.net/wiki/Atlas,"This is a location-level evidence record, not a whole-page or gameplay certification.",2026-10-06 JST,0.5.5; official latest patch checked 0.5.5e (stage-tabs-2026-10-06.json addendum; claim check date unchanged),"A cited historical patch, extracted tooltip or creator guide does not certify every current variant."
dictionary/endgame:6,https://poe2-build-navi-jp.github.io/dictionary/endgame/,data/dictionary.json,/7/sections/0/bullets/2,Precursor Fortress（先駆者の要塞）のボスを倒すとAtlasパッシブのポイントを得られる。要塞の最奥ではArbiter of Divinityと戦う。,confirmed_as_scoped,official_GGG,https://www.pathofexile.com/forum/view-thread/3932540,"This is a location-level evidence record, not a whole-page or gameplay certification.",2026-10-06 JST,0.5.5; official latest patch checked 0.5.5e (stage-tabs-2026-10-06.json addendum; claim check date unchanged),"A cited historical patch, extracted tooltip or creator guide does not certify every current variant."
dictionary/endgame:7,https://poe2-build-navi-jp.github.io/dictionary/endgame/,data/dictionary.json,/7/sections/0/bullets/3,Breach・Ritual・Expedition・Abyss・Deliriumなどのコンテンツには、それぞれ最後に挑むピナクルボスがいる。,confirmed_as_scoped,official_GGG,https://www.pathofexile.com/forum/view-thread/3932540,"This is a location-level evidence record, not a whole-page or gameplay certification.",2026-10-06 JST,0.5.5; official latest patch checked 0.5.5e (stage-tabs-2026-10-06.json addendum; claim check date unchanged),"A cited historical patch, extracted tooltip or creator guide does not certify every current variant."
dictionary/endgame:8,https://poe2-build-navi-jp.github.io/dictionary/endgame/,data/dictionary.json,/7/sections/1/bullets/0,エリアレベル65以上では、元素耐性に-60%のペナルティがかかる。,secondary_corroborated,secondary,https://www.poe2wiki.net/wiki/Resistance,"This is a location-level evidence record, not a whole-page or gameplay certification.",2026-10-06 JST,0.5.5; official latest patch checked 0.5.5e (stage-tabs-2026-10-06.json addendum; claim check date unchanged),"A cited historical patch, extracted tooltip or creator guide does not certify every current variant."
dictionary/endgame:9,https://poe2-build-navi-jp.github.io/dictionary/endgame/,data/dictionary.json,/7/sections/1/bullets/1,ビルドの多くは、キャンペーン用とEndgame用で構成や装備が変わる。自分のビルドのEndgame段階を確認する。,editorial_advice,editorial,,"This is a location-level evidence record, not a whole-page or gameplay certification.",2026-10-06 JST,0.5.5; official latest patch checked 0.5.5e (stage-tabs-2026-10-06.json addendum; claim check date unchanged),"A cited historical patch, extracted tooltip or creator guide does not certify every current variant."
dictionary/endgame:10,https://poe2-build-navi-jp.github.io/dictionary/endgame/,data/dictionary.json,/7/buildExamples/0/text,Maxroll由来として掲載していたSSFでの所要時間は、原典を取得できず再確認できていない。現行版や初心者の所要時間の目安にはしない。,reasoned_unverifiable,creator_guide,https://maxroll.gg/poe2/build-guides/essence-drain-lich-build-guide,原典の再取得ができず、この条件は再確認できていません。誤り確定とは扱いません。,2026-10-06 JST,0.5.5; official latest patch checked 0.5.5e (stage-tabs-2026-10-06.json addendum; claim check date unchanged),"A cited historical patch, extracted tooltip or creator guide does not certify every current variant."
dictionary/endgame:11,https://poe2-build-navi-jp.github.io/dictionary/endgame/,data/dictionary.json,/7/buildExamples/1/text,Endgameに向けて、キャンペーン用のアーマー装備からES装備へ1部位ずつ移行する。,editorial_advice,editorial,,"This is a location-level evidence record, not a whole-page or gameplay certification.",2026-10-06 JST,0.5.5; official latest patch checked 0.5.5e (stage-tabs-2026-10-06.json addendum; claim check date unchanged),"A cited historical patch, extracted tooltip or creator guide does not certify every current variant."
dictionary/league-starter:1,https://poe2-build-navi-jp.github.io/dictionary/league-starter/,data/dictionary.json,/8/oneLine,新しいリーグが始まった直後、装備が何もない状態から進めやすいビルド。,editorial_advice,editorial,,"This is a location-level evidence record, not a whole-page or gameplay certification.",2026-10-06 JST,0.5.5; official latest patch checked 0.5.5e (stage-tabs-2026-10-06.json addendum; claim check date unchanged),"A cited historical patch, extracted tooltip or creator guide does not certify every current variant."
dictionary/league-starter:2,https://poe2-build-navi-jp.github.io/dictionary/league-starter/,data/dictionary.json,/8/description,リーグスターターは、新しいリーグで、装備や通貨を持ち込まない状態から育てやすいビルドのことです。選ぶときは、高価な装備がなくても進められるか、キャンペーンから序盤のマップまでの育成手順が示されているかを目安にします。,corrected_or_qualified,original_source_or_official,https://www.pathofexile.com/forum/view-thread/4000430 | https://mobalytics.gg/poe-2/builds/deadrabbit-grenades-gemling-league-starter,"League starter is a community category, not a guarantee that every such build requires no unique. Separate the definition from selection advice.",2026-10-06 JST,0.5.5; official latest patch checked 0.5.5e (stage-tabs-2026-10-06.json addendum; claim check date unchanged),"A cited historical patch, extracted tooltip or creator guide does not certify every current variant."
dictionary/league-starter:3,https://poe2-build-navi-jp.github.io/dictionary/league-starter/,data/dictionary.json,/8/importance,リーグ開始直後は装備も通貨も少ないため、完成形が強くても序盤に進めないビルドは育てにくくなります。初めて遊ぶ人や、1.0からゼロで始める人ほど、序盤から安定するビルドを選ぶと進めやすくなります。,editorial_advice,editorial,,"This is a location-level evidence record, not a whole-page or gameplay certification.",2026-10-06 JST,0.5.5; official latest patch checked 0.5.5e (stage-tabs-2026-10-06.json addendum; claim check date unchanged),"A cited historical patch, extracted tooltip or creator guide does not certify every current variant."
dictionary/league-starter:4,https://poe2-build-navi-jp.github.io/dictionary/league-starter/,data/dictionary.json,/8/sections/0/bullets/0,新しいリーグに参加する場合は、そのリーグで新規キャラクターを作り、新しい取引市場で始める。開始日や開催期間は、リーグごとの公式告知で確認する。,corrected_or_qualified,original_source_or_official,https://www.pathofexile.com/forum/view-thread/4000430,Fresh economy/new character are verified. A current guaranteed approximately-four-month cadence is not established by the cited source or current event FAQ; do not describe it as the rule for every event league.,2026-10-06 JST,0.5.5; official latest patch checked 0.5.5e (stage-tabs-2026-10-06.json addendum; claim check date unchanged),"A cited historical patch, extracted tooltip or creator guide does not certify every current variant."
dictionary/league-starter:5,https://poe2-build-navi-jp.github.io/dictionary/league-starter/,data/dictionary.json,/8/sections/0/bullets/1,リーグ終了時の移行先・時期は、そのリーグの公式告知で確認する。アーリーアクセスのキャラクターは、正式版Standardとは別のEarly Accessリーグに残す方針が公表されている。,corrected_or_qualified,original_source_or_official,https://www.pathofexile.com/forum/view-thread/3587981 | https://www.pathofexile.com/forum/view-thread/4000430,The blanket Standard migration conflates normal permanent leagues with the officially stated Early Access retention policy. Exact future transition procedure remains unverified.,2026-10-06 JST,0.5.5; official latest patch checked 0.5.5e (stage-tabs-2026-10-06.json addendum; claim check date unchanged),"A cited historical patch, extracted tooltip or creator guide does not certify every current variant."
dictionary/league-starter:6,https://poe2-build-navi-jp.github.io/dictionary/league-starter/,data/dictionary.json,/8/sections/0/bullets/2,0.5.5ではForbidden Ritesイベントリーグが2026年9月4日13:00 PDT（日本時間9月5日5:00）に開始。Runes of Aldurと並行して、1.0公開まで続く予定。,corrected_or_qualified,original_source_or_official,https://www.pathofexile.com/forum/view-thread/4000430,Preserve the true event/start claim with timezone and coexistence; 0.5.5 did not erase or replace Runes of Aldur. Japan time is a direct UTC-7 to UTC+9 conversion.,2026-10-06 JST,0.5.5; official latest patch checked 0.5.5e (stage-tabs-2026-10-06.json addendum; claim check date unchanged),"A cited historical patch, extracted tooltip or creator guide does not certify every current variant."
dictionary/league-starter:7,https://poe2-build-navi-jp.github.io/dictionary/league-starter/,data/dictionary.json,/8/sections/1/bullets/0,特定のユニーク装備がなくても成立する。,editorial_advice,editorial,,"This is a location-level evidence record, not a whole-page or gameplay certification.",2026-10-06 JST,0.5.5; official latest patch checked 0.5.5e (stage-tabs-2026-10-06.json addendum; claim check date unchanged),"A cited historical patch, extracted tooltip or creator guide does not certify every current variant."
dictionary/league-starter:8,https://poe2-build-navi-jp.github.io/dictionary/league-starter/,data/dictionary.json,/8/sections/1/bullets/1,装備を少しずつ更新しながら進められ、必要なスキル・サポートや切替条件もガイドで確認できる。,corrected_or_qualified,original_source_or_official,https://mobalytics.gg/poe-2/builds/deadrabbit-grenades-gemling-league-starter | https://mobalytics.gg/poe-2/builds/plant-oracle-druid-leveling-build-guide,Do not imply that rare-item upgrades alone guarantee campaign/early-map completion independently of skill and progression requirements. This remains selection advice.,2026-10-06 JST,0.5.5; official latest patch checked 0.5.5e (stage-tabs-2026-10-06.json addendum; claim check date unchanged),"A cited historical patch, extracted tooltip or creator guide does not certify every current variant."
dictionary/league-starter:9,https://poe2-build-navi-jp.github.io/dictionary/league-starter/,data/dictionary.json,/8/sections/1/bullets/2,SSFでの成立が確認できれば、取引をしなくても進めやすい。,editorial_advice,editorial,,"This is a location-level evidence record, not a whole-page or gameplay certification.",2026-10-06 JST,0.5.5; official latest patch checked 0.5.5e (stage-tabs-2026-10-06.json addendum; claim check date unchanged),"A cited historical patch, extracted tooltip or creator guide does not certify every current variant."
dictionary/league-starter:10,https://poe2-build-navi-jp.github.io/dictionary/league-starter/,data/dictionary.json,/8/sections/2/paragraphs/0,公式のアーリーアクセスFAQでは、キャラクターを削除せず、正式版Standardとは別のEarly Accessリーグに残し、正式版の公開後も保持する方針です。移行の細部は1.0前後の公式告知で確認してください。1.0から新規キャラクターで始める場合も、序盤の育てやすさを基準にビルドを選ぶのがおすすめです。,corrected_or_qualified,original_source_or_official,https://www.pathofexile.com/forum/view-thread/3587981,"Keep the published retention policy; remove unsupported exact league name, pre-launch timing and no-new-character restriction. Replace the unsourced forecast about how many players restart with conditional advice.",2026-10-06 JST,0.5.5; official latest patch checked 0.5.5e (stage-tabs-2026-10-06.json addendum; claim check date unchanged),"A cited historical patch, extracted tooltip or creator guide does not certify every current variant."
dictionary/league-starter:11,https://poe2-build-navi-jp.github.io/dictionary/league-starter/,data/dictionary.json,/8/buildExamples/0/text,MobalyticsのLundburgerrは、マップ序盤の装備を整えやすく、最初のアセンダンシー取得後のキャンペーンで高い耐久を得られる構成と説明している。,corrected_or_qualified,original_source_or_official,https://mobalytics.gg/poe-2/builds/warrior-league-start-lundburgerr,Keep the supported affordability/durability opinion but name its author and campaign scope. Do not imply permanently high durability regardless of gear.,2026-10-06 JST,0.5.5; official latest patch checked 0.5.5e (stage-tabs-2026-10-06.json addendum; claim check date unchanged),"A cited historical patch, extracted tooltip or creator guide does not certify every current variant."
dictionary/league-starter:12,https://poe2-build-navi-jp.github.io/dictionary/league-starter/,data/dictionary.json,/8/buildExamples/1/text,Raxxの0.5.5ガイドにはLv1からの育成手順があり、Endgameには高価な装備を必要としないと作者が説明するCheap版がある。,corrected_or_qualified,original_source_or_official,https://mobalytics.gg/poe-2/builds/plant-oracle-druid-leveling-build-guide | https://mobalytics.gg/poe-2/builds/plant-druid-oracle-endgame-guide,"Accessible original-guide replacement for the Maxroll quotation, which remains unverified rather than disproved. Keeps leveling and cheap-endgame scope separate. No blocked Maxroll request was retried.",2026-10-06 JST,0.5.5; official latest patch checked 0.5.5e (stage-tabs-2026-10-06.json addendum; claim check date unchanged),"A cited historical patch, extracted tooltip or creator guide does not certify every current variant."
dictionary/league-starter:13,https://poe2-build-navi-jp.github.io/dictionary/league-starter/,data/dictionary.json,/8/buildExamples/2/text,SSFの紹介は別々の資料に基づく。MaxrollのSSF向けレベリング評価は原文の再確認が未完了。AOEAHはAct IからArbiterまでSSFで試したと紹介しているが、掲載するDEADRABB1T版との一致と元検証は未確認。,corrected_or_qualified,original_source_or_official,https://maxroll.gg/poe2/build-guides/explosive-grenade-gas-grenade-mercenary-leveling-build-guide | https://www.aoeah.com/news/4788--poe-2-055-best-gemling-build--top-3-best-league-start--endgame-gemling-builds | https://mobalytics.gg/poe-2/builds/deadrabbit-grenades-gemling-league-starter,"Keep the two source claims distinct, as requested by the parent reconciliation. AOEAH’s claim is verified as an assertion, not an original test. The exact displayed DEADRABB1T route remains SSF-unconfirmed, matching its ssf=null / confirmed=false state. No Maxroll retry was made.",2026-10-06 JST,0.5.5; official latest patch checked 0.5.5e (stage-tabs-2026-10-06.json addendum; claim check date unchanged),"A cited historical patch, extracted tooltip or creator guide does not certify every current variant."
dictionary/ssf:1,https://poe2-build-navi-jp.github.io/dictionary/ssf/,data/dictionary.json,/9/oneLine,他のプレイヤーとの取引やパーティを利用せず、自力で進めるモード。,narrowed,official_GGG / official_GGG_search_index / secondary_documentation,https://pathofexile2.com/ladder/Solo%2520Self-Found | https://www.poe2wiki.net/wiki/Solo_Self_Found_Guide | https://www.pathofexile.com/forum/view-thread/3888728/filter-account-type/staff,確認できる条件・著者・版・対象に限定。元の広い断定を確認済みとはしません。,2026-10-06 JST,0.5.5; official latest patch checked 0.5.5e (stage-tabs-2026-10-06.json addendum; claim check date unchanged),"A cited historical patch, extracted tooltip or creator guide does not certify every current variant."
dictionary/ssf:2,https://poe2-build-navi-jp.github.io/dictionary/ssf/,data/dictionary.json,/9/description,SSF（Solo Self-Found、ソロセルフファウンド）は、キャラクター作成時に選べるモードです。他のプレイヤーとの取引やパーティができず、自分で拾ったりクラフトしたりしたアイテムだけで進めます。,supported,official_GGG / official_GGG_search_index / secondary_documentation,https://www.poe2wiki.net/wiki/Solo_Self_Found_Guide | https://pathofexile2.com/ladder/Solo%2520Self-Found | https://www.pathofexile.com/forum/view-thread/3888728/filter-account-type/staff,出典の範囲内で文言を確認。実測・全構成の保証ではありません。,2026-10-06 JST,0.5.5; official latest patch checked 0.5.5e (stage-tabs-2026-10-06.json addendum; claim check date unchanged),"A cited historical patch, extracted tooltip or creator guide does not certify every current variant."
dictionary/ssf:3,https://poe2-build-navi-jp.github.io/dictionary/ssf/,data/dictionary.json,/9/importance,SSFでは必要な装備を自分で揃えるしかないため、特定のユニークに頼るビルドは完成しにくくなります。SSFで遊ぶなら、資料でSSFでの成立が確認できるビルドを選ぶと進めやすくなります。,editorial_advice,editorial,,"This is a location-level evidence record, not a whole-page or gameplay certification.",2026-10-06 JST,0.5.5; official latest patch checked 0.5.5e (stage-tabs-2026-10-06.json addendum; claim check date unchanged),"A cited historical patch, extracted tooltip or creator guide does not certify every current variant."
dictionary/ssf:4,https://poe2-build-navi-jp.github.io/dictionary/ssf/,data/dictionary.json,/9/sections/0/bullets/0,他のプレイヤーとパーティを組めない。,supported,official_GGG_search_index,https://pathofexile2.com/ladder/Solo%2520Self-Found,出典の範囲内で文言を確認。実測・全構成の保証ではありません。,2026-10-06 JST,0.5.5; official latest patch checked 0.5.5e (stage-tabs-2026-10-06.json addendum; claim check date unchanged),"A cited historical patch, extracted tooltip or creator guide does not certify every current variant."
dictionary/ssf:5,https://poe2-build-navi-jp.github.io/dictionary/ssf/,data/dictionary.json,/9/sections/0/bullets/1,他のプレイヤーとの取引や、非同期取引などの取引機能を使えない。,confirmed_as_scoped,official_GGG,https://www.pathofexile.com/forum/view-thread/3888728/filter-account-type/staff,"This is a location-level evidence record, not a whole-page or gameplay certification.",2026-10-06 JST,0.5.5; official latest patch checked 0.5.5e (stage-tabs-2026-10-06.json addendum; claim check date unchanged),"A cited historical patch, extracted tooltip or creator guide does not certify every current variant."
dictionary/ssf:6,https://poe2-build-navi-jp.github.io/dictionary/ssf/,data/dictionary.json,/9/sections/0/bullets/2,SSFを選んでも、ゲーム内で追加の報酬や特典はない。,confirmed_as_scoped,official_GGG,https://www.pathofexile.com/forum/view-thread/4000864,"This is a location-level evidence record, not a whole-page or gameplay certification.",2026-10-06 JST,0.5.5; official latest patch checked 0.5.5e (stage-tabs-2026-10-06.json addendum; claim check date unchanged),"A cited historical patch, extracted tooltip or creator guide does not certify every current variant."
dictionary/ssf:7,https://poe2-build-navi-jp.github.io/dictionary/ssf/,data/dictionary.json,/9/sections/0/bullets/3,SSFのキャラクターは、対応するトレード可能な親リーグへ移せる。移行は一方通行で、同じキャラクターをSSFへ戻すことはできない。,narrowed,official_GGG / secondary_documentation,https://www.pathofexile.com/forum/view-thread/3765328/filter-account-type/staff | https://www.pathofexile.com/forum/view-thread/3781218/filter-account-type/staff | https://www.poe2wiki.net/wiki/Solo_Self_Found_Guide,確認できる条件・著者・版・対象に限定。元の広い断定を確認済みとはしません。,2026-10-06 JST,0.5.5; official latest patch checked 0.5.5e (stage-tabs-2026-10-06.json addendum; claim check date unchanged),"A cited historical patch, extracted tooltip or creator guide does not certify every current variant."
dictionary/ssf:8,https://poe2-build-navi-jp.github.io/dictionary/ssf/,data/dictionary.json,/9/sections/1/paragraphs/0,このサイトでは、元ガイドなどの資料がSSFでの成立を明記している場合だけ「SSF可」と表示します。「ユニーク不要」「リーグスターター向け」という記述や、キャンペーンまでの範囲しか書かれていない記述だけでは「SSF可」にしません。,editorial_advice,editorial,,"This is a location-level evidence record, not a whole-page or gameplay certification.",2026-10-06 JST,0.5.5; official latest patch checked 0.5.5e (stage-tabs-2026-10-06.json addendum; claim check date unchanged),"A cited historical patch, extracted tooltip or creator guide does not certify every current variant."
dictionary/ssf:9,https://poe2-build-navi-jp.github.io/dictionary/ssf/,data/dictionary.json,/9/buildExamples/0/text,Maxroll由来のSSF所要時間は、原典を取得できず再確認できていない。この記述だけでは、現行構成のSSF成立を確認済みとはしない。,reasoned_unverifiable,creator_guide,https://maxroll.gg/poe2/build-guides/essence-drain-lich-build-guide,原典の再取得ができず、この条件は再確認できていません。誤り確定とは扱いません。,2026-10-06 JST,0.5.5; official latest patch checked 0.5.5e (stage-tabs-2026-10-06.json addendum; claim check date unchanged),"A cited historical patch, extracted tooltip or creator guide does not certify every current variant."
dictionary/ssf:10,https://poe2-build-navi-jp.github.io/dictionary/ssf/,data/dictionary.json,/9/buildExamples/1/text,Maxroll由来のSSF所要時間は、原典を取得できず再確認できていない。この記述だけでは、現行構成のSSF成立を確認済みとはしない。,reasoned_unverifiable,creator_guide,https://maxroll.gg/poe2/build-guides/whirling-assault-martial-artist-build-guide,原典の再取得ができず、この条件は再確認できていません。誤り確定とは扱いません。,2026-10-06 JST,0.5.5; official latest patch checked 0.5.5e (stage-tabs-2026-10-06.json addendum; claim check date unchanged),"A cited historical patch, extracted tooltip or creator guide does not certify every current variant."
dictionary/ssf:11,https://poe2-build-navi-jp.github.io/dictionary/ssf/,data/dictionary.json,/9/buildExamples/2/text,Thyのガイド（2026年9月4日更新）は、キャンペーンからEndgameまでの掲載ルートをSSFで進めたと明記している。別の著者の構成や高価な追加装備まで同じ条件で揃うという保証ではない。,narrowed,creator_guide,https://mobalytics.gg/poe-2/builds/thyworm-infernalist-leveling,確認できる条件・著者・版・対象に限定。元の広い断定を確認済みとはしません。,2026-10-06 JST,0.5.5; official latest patch checked 0.5.5e (stage-tabs-2026-10-06.json addendum; claim check date unchanged),"A cited historical patch, extracted tooltip or creator guide does not certify every current variant."
dictionary/ssf:12,https://poe2-build-navi-jp.github.io/dictionary/ssf/,data/dictionary.json,/9/buildExamples/3/text,PhazePlaysのキャンペーン用ガイドと、BlazeworksTVのHC／SSF向けガイドを参照。後者はキャンペーンからT15マップ・ピナクルボスまでを対象にしているが、両者を組み合わせた当サイトの全構成をSSFで実証したものではない。,narrowed,creator_guide,https://mobalytics.gg/poe-2/profile/phazeplays/builds/0-4-phazeplays-sandscorcher-campaign-guide | https://mobalytics.gg/poe-2/builds/minion2win-varashta-campaign-build-guide,確認できる条件・著者・版・対象に限定。元の広い断定を確認済みとはしません。,2026-10-06 JST,0.5.5; official latest patch checked 0.5.5e (stage-tabs-2026-10-06.json addendum; claim check date unchanged),"A cited historical patch, extracted tooltip or creator guide does not certify every current variant."
dictionary/ssf:13,https://poe2-build-navi-jp.github.io/dictionary/ssf/,data/dictionary.json,/9/buildExamples/4/text,紹介記事にはAct IからArbiter of DivinityまでのSSFテストへの言及がありますが、このサイト掲載の育成ルートとの一致は未確認です。,qualified_source_attribution,creator_or_introduction_article,https://www.aoeah.com/news/4788--poe-2-055-best-gemling-build--top-3-best-league-start--endgame-gemling-builds,Repeated example aligned with the scoped PR17 evidence; not an independent performance or SSF test.,2026-10-06 JST,0.5.5; official latest patch checked 0.5.5e (stage-tabs-2026-10-06.json addendum; claim check date unchanged),"A cited historical patch, extracted tooltip or creator guide does not certify every current variant."
dictionary/ascendancy:1,https://poe2-build-navi-jp.github.io/dictionary/ascendancy/,data/dictionary.json,/10/oneLine,職業ごとに選べる上位クラス。試練を突破して専用のパッシブを取る。,confirmed_as_scoped,official_GGG,https://www.pathofexile.com/forum/view-thread/3762929/filter-account-type/staff,"This is a location-level evidence record, not a whole-page or gameplay certification.",2026-10-06 JST,0.5.5; official latest patch checked 0.5.5e (stage-tabs-2026-10-06.json addendum; claim check date unchanged),"A cited historical patch, extracted tooltip or creator guide does not certify every current variant."
dictionary/ascendancy:2,https://poe2-build-navi-jp.github.io/dictionary/ascendancy/,data/dictionary.json,/10/description,アセンダンシーは、職業の中からさらに特化した上位クラスを選ぶ仕組みです。アセンション試練を初めて突破したときに1つを選ぶと専用のスキルツリーが開き、試練で得たポイントで特別な効果やスキルを取れます。,confirmed_as_scoped,official_GGG,https://www.pathofexile.com/forum/view-thread/3762929/filter-account-type/staff,"This is a location-level evidence record, not a whole-page or gameplay certification.",2026-10-06 JST,0.5.5; official latest patch checked 0.5.5e (stage-tabs-2026-10-06.json addendum; claim check date unchanged),"A cited historical patch, extracted tooltip or creator guide does not certify every current variant."
dictionary/ascendancy:3,https://poe2-build-navi-jp.github.io/dictionary/ascendancy/,data/dictionary.json,/10/importance,同じ職業でも、アセンダンシーで主力スキルや防御の仕組みが大きく変わります。多くのビルドは最初のアセンダンシー取得を境に構成を切り替えるため、取得時期が育成の区切りになります。,editorial_advice,editorial,,"This is a location-level evidence record, not a whole-page or gameplay certification.",2026-10-06 JST,0.5.5; official latest patch checked 0.5.5e (stage-tabs-2026-10-06.json addendum; claim check date unchanged),"A cited historical patch, extracted tooltip or creator guide does not certify every current variant."
dictionary/ascendancy:4,https://poe2-build-navi-jp.github.io/dictionary/ascendancy/,data/dictionary.json,/10/sections/0/bullets/0,アセンダンシーポイントの獲得は4段階で、対応する試練の条件を達成するごとに2ポイント、合計8ポイントを得られる。,narrowed,extracted_game_data_keyword / official_GGG,https://poe2db.tw/us/Ascendancy_Points | https://www.pathofexile.com/forum/view-thread/3621299/filter-account-type/staff,確認できる条件・著者・版・対象に限定。元の広い断定を確認済みとはしません。,2026-10-06 JST,0.5.5; official latest patch checked 0.5.5e (stage-tabs-2026-10-06.json addendum; claim check date unchanged),"A cited historical patch, extracted tooltip or creator guide does not certify every current variant."
dictionary/ascendancy:5,https://poe2-build-navi-jp.github.io/dictionary/ascendancy/,data/dictionary.json,/10/sections/0/bullets/1,最初の試練はAct 2のTrial of the Sekhemasで挑める。PoE Vaultの育成ガイドは、取得をLv20〜30、早いビルドではLv21〜22で済ませるよう勧めている。,confirmed_as_scoped,official_GGG,https://www.pathofexile.com/forum/view-thread/3740562/filter-account-type/staff,"This is a location-level evidence record, not a whole-page or gameplay certification.",2026-10-06 JST,0.5.5; official latest patch checked 0.5.5e (stage-tabs-2026-10-06.json addendum; claim check date unchanged),"A cited historical patch, extracted tooltip or creator guide does not certify every current variant."
dictionary/ascendancy:6,https://poe2-build-navi-jp.github.io/dictionary/ascendancy/,data/dictionary.json,/10/sections/0/bullets/2,アセンダンシーを選ぶと、専用のスキルツリーにアセンダンシーポイントを割り振れる。,narrowed,extracted_game_data_keyword,https://poe2db.tw/us/Ascendancy_Points,正確な画面位置と常時閲覧可否は未確認のため削除し、専用ツリーへのポイント割当という確認できた説明に限定。実機未検証。,2026-10-06 JST,0.5.5; official latest patch checked 0.5.5e (stage-tabs-2026-10-06.json addendum; claim check date unchanged),"A cited historical patch, extracted tooltip or creator guide does not certify every current variant."
dictionary/ascendancy:7,https://poe2-build-navi-jp.github.io/dictionary/ascendancy/,data/dictionary.json,/10/sections/1/paragraphs/0,選んだアセンダンシーは、アセンダンシーのポイントを0にした状態で、今と同じ数のポイントが得られる試練をもう一度突破すると選び直せます。ポイントの払い戻しはBalbalaまたはThe Trialmasterに話しかけて行います。,confirmed_as_scoped,official_GGG,https://www.pathofexile.com/forum/view-thread/3762929/filter-account-type/staff,"This is a location-level evidence record, not a whole-page or gameplay certification.",2026-10-06 JST,0.5.5; official latest patch checked 0.5.5e (stage-tabs-2026-10-06.json addendum; claim check date unchanged),"A cited historical patch, extracted tooltip or creator guide does not certify every current variant."
dictionary/ascendancy:8,https://poe2-build-navi-jp.github.io/dictionary/ascendancy/,data/dictionary.json,/10/buildExamples/0/text,ディサイプル・オブ・ヴァラシュタ。PhazePlaysの育成ガイドでは、最初のアセンダンシーでケラリ、Lv40以降・2回目でルザンの指示スキルを導入する。,creator_route_confirmed,creator_or_introduction_article,https://mobalytics.gg/poe-2/profile/phazeplays/builds/0-4-phazeplays-sandscorcher-campaign-guide,Repeated example aligned with the scoped PR17 evidence; not an independent performance or SSF test.,2026-10-06 JST,0.5.5; official latest patch checked 0.5.5e (stage-tabs-2026-10-06.json addendum; claim check date unchanged),"A cited historical patch, extracted tooltip or creator guide does not certify every current variant."
dictionary/ascendancy:9,https://poe2-build-navi-jp.github.io/dictionary/ascendancy/,data/dictionary.json,/10/buildExamples/1/text,スミス・オブ・キタヴァ。「Coal Stoker」は、火耐性の修正値の50%を冷気・雷耐性にも加える。,corrected,extracted_game_data,https://poe2db.tw/us/Smith_of_Kitava,出典と一致しない文言を訂正。,2026-10-06 JST,0.5.5; official latest patch checked 0.5.5e (stage-tabs-2026-10-06.json addendum; claim check date unchanged),"A cited historical patch, extracted tooltip or creator guide does not certify every current variant."
dictionary/ascendancy:10,https://poe2-build-navi-jp.github.io/dictionary/ascendancy/,data/dictionary.json,/10/buildExamples/2/text,スピリットウォーカー。CaptainLance9のガイド（0.5表題・2026年9月15日更新）は、相棒型への切替をAct 3の2回目の試練後に推奨している。,supported,creator_guide,https://mobalytics.gg/poe-2/builds/spirit-walker-beast-master,出典の範囲内で文言を確認。実測・全構成の保証ではありません。,2026-10-06 JST,0.5.5; official latest patch checked 0.5.5e (stage-tabs-2026-10-06.json addendum; claim check date unchanged),"A cited historical patch, extracted tooltip or creator guide does not certify every current variant."
dictionary/ascendancy:11,https://poe2-build-navi-jp.github.io/dictionary/ascendancy/,data/dictionary.json,/10/buildExamples/3/text,インファーナリスト。PoE VaultのPowered Zealot型ガイド（0.5・2026年6月24日更新）は、アセンダンシーでSpiritとESを伸ばしてスペクターを運用する構成。,narrowed,creator_guide,https://www.poe-vault.com/poe2/witch/infernalist/spectre-build-guide,確認できる条件・著者・版・対象に限定。元の広い断定を確認済みとはしません。,2026-10-06 JST,0.5.5; official latest patch checked 0.5.5e (stage-tabs-2026-10-06.json addendum; claim check date unchanged),"A cited historical patch, extracted tooltip or creator guide does not certify every current variant."
dictionary/spirit:1,https://poe2-build-navi-jp.github.io/dictionary/spirit/,data/dictionary.json,/11/oneLine,常駐バフ・永続ミニオン・自動発動用ジェムを動かすために予約する力。,secondary_corroborated,secondary,https://www.poe2wiki.net/wiki/Spirit,"This is a location-level evidence record, not a whole-page or gameplay certification.",2026-10-06 JST,0.5.5; official latest patch checked 0.5.5e (stage-tabs-2026-10-06.json addendum; claim check date unchanged),"A cited historical patch, extracted tooltip or creator guide does not certify every current variant."
dictionary/spirit:2,https://poe2-build-navi-jp.github.io/dictionary/spirit/,data/dictionary.json,/11/description,Spiritは、常駐するバフ、倒されても残る永続ミニオン、スキルを自動で発動させるメタジェムを使うときに「予約」する力です。予約したSpiritは使っている間ずっと埋まり、合計がSpiritの最大値を超えるスキルは同時に使えません。,secondary_corroborated,extracted_game_data / secondary,https://www.poe2wiki.net/wiki/Spirit | https://poe2db.tw/us/Spirit,Mechanics group 12: Spirit starts at zero and is reserved for persistent effects. Current extracted data lacks an explicit game-build stamp; official statements retain their cited patch scope.,2026-10-06 JST,0.5.5; official latest patch checked 0.5.5e (stage-tabs-2026-10-06.json addendum; claim check date unchanged),"A cited historical patch, extracted tooltip or creator guide does not certify every current variant."
dictionary/spirit:3,https://poe2-build-navi-jp.github.io/dictionary/spirit/,data/dictionary.json,/11/importance,ミニオン・常駐バフ・自動発動を使うビルドでは、Spiritが足りないと主力の構成そのものが組めません。育成手順の切替条件に「必要なSpiritを揃えてから」と書かれている段階は、Spiritの確認が最優先です。,editorial_advice,editorial,,"This is a location-level evidence record, not a whole-page or gameplay certification.",2026-10-06 JST,0.5.5; official latest patch checked 0.5.5e (stage-tabs-2026-10-06.json addendum; claim check date unchanged),"A cited historical patch, extracted tooltip or creator guide does not certify every current variant."
dictionary/spirit:4,https://poe2-build-navi-jp.github.io/dictionary/spirit/,data/dictionary.json,/11/sections/0/paragraphs/0,キャラクターは最初Spiritを持っていません。キャンペーン中のクエスト報酬で合計100まで永続的に増え、それ以上は主に装備とアセンダンシーで増やします。,secondary_corroborated,extracted_game_data / secondary,https://www.poe2wiki.net/wiki/Spirit | https://poe2db.tw/us/Spirit,Mechanics group 12: Spirit starts at zero and is reserved for persistent effects. Current extracted data lacks an explicit game-build stamp; official statements retain their cited patch scope.,2026-10-06 JST,0.5.5; official latest patch checked 0.5.5e (stage-tabs-2026-10-06.json addendum; claim check date unchanged),"A cited historical patch, extracted tooltip or creator guide does not certify every current variant."
dictionary/spirit:5,https://poe2-build-navi-jp.github.io/dictionary/spirit/,data/dictionary.json,/11/sections/0/bullets/0,Act 1：Freythornの「The King in the Mists」が落とすGembloom Skullで+30,secondary_corroborated,extracted_game_data / secondary,https://poe2db.tw/us/Freythorn | https://poe2db.tw/us/The_Azak_Bog | https://poe2db.tw/us/Kriar_Village | https://www.poe2wiki.net/wiki/Kriar_Village,Mechanics group 13: Spirit quest total and three named rewards. Current extracted data lacks an explicit game-build stamp; official statements retain their cited patch scope.,2026-10-06 JST,0.5.5; official latest patch checked 0.5.5e (stage-tabs-2026-10-06.json addendum; claim check date unchanged),"A cited historical patch, extracted tooltip or creator guide does not certify every current variant."
dictionary/spirit:6,https://poe2-build-navi-jp.github.io/dictionary/spirit/,data/dictionary.json,/11/sections/0/bullets/1,"Act 3：The Azak Bogの「Ignagduk, the Bog Witch」が落とすGemrot Skullで+30",secondary_corroborated,extracted_game_data / secondary,https://poe2db.tw/us/Freythorn | https://poe2db.tw/us/The_Azak_Bog | https://poe2db.tw/us/Kriar_Village | https://www.poe2wiki.net/wiki/Kriar_Village,Mechanics group 13: Spirit quest total and three named rewards. Current extracted data lacks an explicit game-build stamp; official statements retain their cited patch scope.,2026-10-06 JST,0.5.5; official latest patch checked 0.5.5e (stage-tabs-2026-10-06.json addendum; claim check date unchanged),"A cited historical patch, extracted tooltip or creator guide does not certify every current variant."
dictionary/spirit:7,https://poe2-build-navi-jp.github.io/dictionary/spirit/,data/dictionary.json,/11/sections/0/bullets/2,"Interlude 3：Kriar Villageの「Lythara, the Wayward Spear」が落とすGemcrust Skullで+40",secondary_corroborated,extracted_game_data / secondary,https://poe2db.tw/us/Freythorn | https://poe2db.tw/us/The_Azak_Bog | https://poe2db.tw/us/Kriar_Village | https://www.poe2wiki.net/wiki/Kriar_Village,Mechanics group 13: Spirit quest total and three named rewards. Current extracted data lacks an explicit game-build stamp; official statements retain their cited patch scope.,2026-10-06 JST,0.5.5; official latest patch checked 0.5.5e (stage-tabs-2026-10-06.json addendum; claim check date unchanged),"A cited historical patch, extracted tooltip or creator guide does not certify every current variant."
dictionary/spirit:8,https://poe2-build-navi-jp.github.io/dictionary/spirit/,data/dictionary.json,/11/sections/0/bullets/3,装備：胴とアミュレットに「+Spirit」、セプターに「Spirit増加%」が付くことがある,secondary_corroborated,extracted_game_data,https://poe2db.tw/us/Spirit,Mechanics group 14: Spirit gear affixes and weapon-set-dependent availability. Current extracted data lacks an explicit game-build stamp; official statements retain their cited patch scope.,2026-10-06 JST,0.5.5; official latest patch checked 0.5.5e (stage-tabs-2026-10-06.json addendum; claim check date unchanged),"A cited historical patch, extracted tooltip or creator guide does not certify every current variant."
dictionary/spirit:9,https://poe2-build-navi-jp.github.io/dictionary/spirit/,data/dictionary.json,/11/sections/1/bullets/0,セプターなどの装備やアセンダンシーから付与される常駐スキル・ミニオンは、Spiritを予約しない。,secondary_corroborated,extracted_game_data / secondary,https://www.poe2wiki.net/wiki/Spirit | https://poe2db.tw/us/Discipline | https://poe2db.tw/us/Herbalism_I,Mechanics group 15: Item/ascendancy-granted persistent effects are Spirit-free. Current extracted data lacks an explicit game-build stamp; official statements retain their cited patch scope.,2026-10-06 JST,0.5.5; official latest patch checked 0.5.5e (stage-tabs-2026-10-06.json addendum; claim check date unchanged),"A cited historical patch, extracted tooltip or creator guide does not certify every current variant."
dictionary/spirit:10,https://poe2-build-navi-jp.github.io/dictionary/spirit/,data/dictionary.json,/11/sections/1/bullets/1,武器セットごとに使えるSpiritが変わることがある。武器を持ち替えたら常駐スキルが止まっていないか確認する。,secondary_corroborated,extracted_game_data,https://poe2db.tw/us/Spirit,Mechanics group 14: Spirit gear affixes and weapon-set-dependent availability. Current extracted data lacks an explicit game-build stamp; official statements retain their cited patch scope.,2026-10-06 JST,0.5.5; official latest patch checked 0.5.5e (stage-tabs-2026-10-06.json addendum; claim check date unchanged),"A cited historical patch, extracted tooltip or creator guide does not certify every current variant."
dictionary/spirit:11,https://poe2-build-navi-jp.github.io/dictionary/spirit/,data/dictionary.json,/11/sections/1/bullets/2,Spiritが足りないときは、スキルのレベルを上げる前にクエスト報酬の取り逃しと、胴・アミュレットのSpiritを確認する。,editorial_advice,editorial,,"This is a location-level evidence record, not a whole-page or gameplay certification.",2026-10-06 JST,0.5.5; official latest patch checked 0.5.5e (stage-tabs-2026-10-06.json addendum; claim check date unchanged),"A cited historical patch, extracted tooltip or creator guide does not certify every current variant."
dictionary/spirit:12,https://poe2-build-navi-jp.github.io/dictionary/spirit/,data/dictionary.json,/11/buildExamples/0/text,PoE VaultのPowered Zealot型ガイド（0.5・2026年6月24日更新）は、開始にSpiritの確保が必要とし、セプター・アミュレット・胴でSpiritを優先している。,supported,creator_guide,https://www.poe-vault.com/poe2/witch/infernalist/spectre-build-guide,出典の範囲内で文言を確認。実測・全構成の保証ではありません。,2026-10-06 JST,0.5.5; official latest patch checked 0.5.5e (stage-tabs-2026-10-06.json addendum; claim check date unchanged),"A cited historical patch, extracted tooltip or creator guide does not certify every current variant."
dictionary/spirit:13,https://poe2-build-navi-jp.github.io/dictionary/spirit/,data/dictionary.json,/11/buildExamples/1/text,ConvalescenceとRavenous Swarmの併用に「装備で合計+50 Spiritが必要」という条件は、参照元のMaxrollを取得できず再確認できていない。,reasoned_unverifiable,creator_guide,https://maxroll.gg/poe2/build-guides/essence-drain-lich-build-guide | https://mobalytics.gg/poe-2/builds/chaos-dot-lich-starter-deadrabbit,原典の再取得ができず、この条件は再確認できていません。誤り確定とは扱いません。,2026-10-06 JST,0.5.5; official latest patch checked 0.5.5e (stage-tabs-2026-10-06.json addendum; claim check date unchanged),"A cited historical patch, extracted tooltip or creator guide does not certify every current variant."
dictionary/spirit:14,https://poe2-build-navi-jp.github.io/dictionary/spirit/,data/dictionary.json,/11/buildExamples/2/text,Act 4以降はSpirit・ES・+ミニオンスキルレベルの3つを探して装備を更新する。,editorial_advice,editorial,,"This is a location-level evidence record, not a whole-page or gameplay certification.",2026-10-06 JST,0.5.5; official latest patch checked 0.5.5e (stage-tabs-2026-10-06.json addendum; claim check date unchanged),"A cited historical patch, extracted tooltip or creator guide does not certify every current variant."
dictionary/spirit:15,https://poe2-build-navi-jp.github.io/dictionary/spirit/,data/dictionary.json,/11/buildExamples/3/text,第二アセンダンシー以降の自動発動構成は、必要なジェムとSpiritを揃えてから切り替える。,editorial_advice,editorial,,"This is a location-level evidence record, not a whole-page or gameplay certification.",2026-10-06 JST,0.5.5; official latest patch checked 0.5.5e (stage-tabs-2026-10-06.json addendum; claim check date unchanged),"A cited historical patch, extracted tooltip or creator guide does not certify every current variant."
dictionary/energy-shield:1,https://poe2-build-navi-jp.github.io/dictionary/energy-shield/,data/dictionary.json,/12/oneLine,ライフより先にダメージを受け止め、ESを失わない状態が続くと自動で回復する防御。,secondary_corroborated,secondary,https://www.poe2wiki.net/wiki/Recharging | https://poe2db.tw/us/Energy_Shield,"This is a location-level evidence record, not a whole-page or gameplay certification.",2026-10-06 JST,0.5.5; official latest patch checked 0.5.5e (stage-tabs-2026-10-06.json addendum; claim check date unchanged),"A cited historical patch, extracted tooltip or creator guide does not certify every current variant."
dictionary/energy-shield:2,https://poe2-build-navi-jp.github.io/dictionary/energy-shield/,data/dictionary.json,/12/description,エナジーシールド（ES）は、ライフの上に重なる追加の耐久値です。ダメージはまずESが受け止め、ESがなくなるとライフが減ります。知性に関係する防御で、主に知性系の防具から得られます。,secondary_corroborated,secondary,https://www.poe2wiki.net/wiki/Recharging | https://poe2db.tw/us/Energy_Shield,"This is a location-level evidence record, not a whole-page or gameplay certification.",2026-10-06 JST,0.5.5; official latest patch checked 0.5.5e (stage-tabs-2026-10-06.json addendum; claim check date unchanged),"A cited historical patch, extracted tooltip or creator guide does not certify every current variant."
dictionary/energy-shield:3,https://poe2-build-navi-jp.github.io/dictionary/energy-shield/,data/dictionary.json,/12/importance,ESを主な防御にするビルドでは、ESを失い続けると通常のリチャージが始まらず、一気に削られます。攻撃を避けて回復の時間を作る立ち回りと、混沌耐性の確保がセットで必要です。,editorial_advice,editorial,,"This is a location-level evidence record, not a whole-page or gameplay certification.",2026-10-06 JST,0.5.5; official latest patch checked 0.5.5e (stage-tabs-2026-10-06.json addendum; claim check date unchanged),"A cited historical patch, extracted tooltip or creator guide does not certify every current variant."
dictionary/energy-shield:4,https://poe2-build-navi-jp.github.io/dictionary/energy-shield/,data/dictionary.json,/12/sections/0/bullets/0,通常、ESを失わない状態が4秒続くと、ESは最大値の毎秒12.5%の速さで回復（リチャージ）を始める。,corrected_or_qualified,extracted_game_data,https://poe2db.tw/us/Energy_Shield_Recharge | https://poe2db.tw/us/Keywords,"Mechanics group 16: ES recharge baseline, reset trigger and modifiers. Current extracted data lacks an explicit game-build stamp; official statements retain their cited patch scope.",2026-10-06 JST,0.5.5; official latest patch checked 0.5.5e (stage-tabs-2026-10-06.json addendum; claim check date unchanged),"A cited historical patch, extracted tooltip or creator guide does not certify every current variant."
dictionary/energy-shield:5,https://poe2-build-navi-jp.github.io/dictionary/energy-shield/,data/dictionary.json,/12/sections/0/bullets/1,通常、リチャージ中にESを失うと回復が止まり、4秒の待ち時間がやり直しになる。,corrected_or_qualified,extracted_game_data,https://poe2db.tw/us/Energy_Shield_Recharge | https://poe2db.tw/us/Keywords,"Mechanics group 16: ES recharge baseline, reset trigger and modifiers. Current extracted data lacks an explicit game-build stamp; official statements retain their cited patch scope.",2026-10-06 JST,0.5.5; official latest patch checked 0.5.5e (stage-tabs-2026-10-06.json addendum; claim check date unchanged),"A cited historical patch, extracted tooltip or creator guide does not certify every current variant."
dictionary/energy-shield:6,https://poe2-build-navi-jp.github.io/dictionary/energy-shield/,data/dictionary.json,/12/sections/0/bullets/2,装備やパッシブの「ESリチャージ開始が早くなる」「リチャージ速度が上がる」効果で短縮できる。,corrected_or_qualified,extracted_game_data,https://poe2db.tw/us/Energy_Shield_Recharge | https://poe2db.tw/us/Keywords,"Mechanics group 16: ES recharge baseline, reset trigger and modifiers. Current extracted data lacks an explicit game-build stamp; official statements retain their cited patch scope.",2026-10-06 JST,0.5.5; official latest patch checked 0.5.5e (stage-tabs-2026-10-06.json addendum; claim check date unchanged),"A cited historical patch, extracted tooltip or creator guide does not certify every current variant."
dictionary/energy-shield:7,https://poe2-build-navi-jp.github.io/dictionary/energy-shield/,data/dictionary.json,/12/sections/1/bullets/0,混沌ダメージはESを通常の2倍削る。,secondary_corroborated,extracted_game_data,https://poe2db.tw/us/Keywords,Mechanics group 17: Chaos damage removes double ES. Current extracted data lacks an explicit game-build stamp; official statements retain their cited patch scope.,2026-10-06 JST,0.5.5; official latest patch checked 0.5.5e (stage-tabs-2026-10-06.json addendum; claim check date unchanged),"A cited historical patch, extracted tooltip or creator guide does not certify every current variant."
dictionary/energy-shield:8,https://poe2-build-navi-jp.github.io/dictionary/energy-shield/,data/dictionary.json,/12/sections/1/bullets/1,出血と毒のダメージはESを無視して直接ライフを減らす。,secondary_corroborated,extracted_game_data,https://poe2db.tw/us/Keywords,Mechanics group 18: Bleed and poison bypass ES. Current extracted data lacks an explicit game-build stamp; official statements retain their cited patch scope.,2026-10-06 JST,0.5.5; official latest patch checked 0.5.5e (stage-tabs-2026-10-06.json addendum; claim check date unchanged),"A cited historical patch, extracted tooltip or creator guide does not certify every current variant."
dictionary/energy-shield:9,https://poe2-build-navi-jp.github.io/dictionary/energy-shield/,data/dictionary.json,/12/sections/1/bullets/2,ESは耐性の後に計算される。耐性が足りないと、同じ攻撃でESが大きく削れる。,secondary_corroborated,secondary,https://www.poe2wiki.net/wiki/Recharging | https://poe2db.tw/us/Energy_Shield,"This is a location-level evidence record, not a whole-page or gameplay certification.",2026-10-06 JST,0.5.5; official latest patch checked 0.5.5e (stage-tabs-2026-10-06.json addendum; claim check date unchanged),"A cited historical patch, extracted tooltip or creator guide does not certify every current variant."
dictionary/energy-shield:10,https://poe2-build-navi-jp.github.io/dictionary/energy-shield/,data/dictionary.json,/12/buildExamples/0/text,ESに特化した防御で大きな被弾に耐え、素早く回復する。胴・兜・手袋などのESを優先する。,editorial_advice,editorial,,"This is a location-level evidence record, not a whole-page or gameplay certification.",2026-10-06 JST,0.5.5; official latest patch checked 0.5.5e (stage-tabs-2026-10-06.json addendum; claim check date unchanged),"A cited historical patch, extracted tooltip or creator guide does not certify every current variant."
dictionary/energy-shield:11,https://poe2-build-navi-jp.github.io/dictionary/energy-shield/,data/dictionary.json,/12/buildExamples/1/text,大きなESプールが長所。マップ以降はES装備を更新し、ジュエルでも最大ES%を伸ばす。,editorial_advice,editorial,,"This is a location-level evidence record, not a whole-page or gameplay certification.",2026-10-06 JST,0.5.5; official latest patch checked 0.5.5e (stage-tabs-2026-10-06.json addendum; claim check date unchanged),"A cited historical patch, extracted tooltip or creator guide does not certify every current variant."
dictionary/energy-shield:12,https://poe2-build-navi-jp.github.io/dictionary/energy-shield/,data/dictionary.json,/12/buildExamples/2/text,キャンペーンはアーマーで進め、Endgameに向けてES装備へ1部位ずつ移行する。,editorial_advice,editorial,,"This is a location-level evidence record, not a whole-page or gameplay certification.",2026-10-06 JST,0.5.5; official latest patch checked 0.5.5e (stage-tabs-2026-10-06.json addendum; claim check date unchanged),"A cited historical patch, extracted tooltip or creator guide does not certify every current variant."
seo/guides/gear-upgrade/:0:paragraphs:0,https://poe2-build-navi-jp.github.io/guides/gear-upgrade/,data/seo-pages.json,/4/sections/0/paragraphs/0,同じレベルでもビルドと手持ち装備で最優先は変わります。一般論として武器、胴、防具、ブーツなどを並べるだけではなく、主力スキルと困りごとに影響する部位から見ます。,editorial_advice,editorial,,"This is a location-level evidence record, not a whole-page or gameplay certification.",2026-10-06 JST,0.5.5; official latest patch checked 0.5.5e (stage-tabs-2026-10-06.json addendum; claim check date unchanged),"A cited historical patch, extracted tooltip or creator guide does not certify every current variant."
seo/guides/gear-upgrade/:1:bullets:0,https://poe2-build-navi-jp.github.io/guides/gear-upgrade/,data/seo-pages.json,/4/sections/1/bullets/0,その能力が主力スキルへ作用するか,editorial_advice,editorial,,"This is a location-level evidence record, not a whole-page or gameplay certification.",2026-10-06 JST,0.5.5; official latest patch checked 0.5.5e (stage-tabs-2026-10-06.json addendum; claim check date unchanged),"A cited historical patch, extracted tooltip or creator guide does not certify every current variant."
seo/guides/gear-upgrade/:1:bullets:1,https://poe2-build-navi-jp.github.io/guides/gear-upgrade/,data/seo-pages.json,/4/sections/1/bullets/1,交換で必要な耐性や能力条件を失わないか,editorial_advice,editorial,,"This is a location-level evidence record, not a whole-page or gameplay certification.",2026-10-06 JST,0.5.5; official latest patch checked 0.5.5e (stage-tabs-2026-10-06.json addendum; claim check date unchanged),"A cited historical patch, extracted tooltip or creator guide does not certify every current variant."
seo/guides/gear-upgrade/:1:bullets:2,https://poe2-build-navi-jp.github.io/guides/gear-upgrade/,data/seo-pages.json,/4/sections/1/bullets/2,現在Lvで装備できるか,editorial_advice,editorial,,"This is a location-level evidence record, not a whole-page or gameplay certification.",2026-10-06 JST,0.5.5; official latest patch checked 0.5.5e (stage-tabs-2026-10-06.json addendum; claim check date unchanged),"A cited historical patch, extracted tooltip or creator guide does not certify every current variant."
seo/guides/gear-upgrade/:1:bullets:3,https://poe2-build-navi-jp.github.io/guides/gear-upgrade/,data/seo-pages.json,/4/sections/1/bullets/3,次の育成段階ですぐ切り替える装備ではないか,editorial_advice,editorial,,"This is a location-level evidence record, not a whole-page or gameplay certification.",2026-10-06 JST,0.5.5; official latest patch checked 0.5.5e (stage-tabs-2026-10-06.json addendum; claim check date unchanged),"A cited historical patch, extracted tooltip or creator guide does not certify every current variant."
seo/guides/gear-upgrade/:1:bullets:4,https://poe2-build-navi-jp.github.io/guides/gear-upgrade/,data/seo-pages.json,/4/sections/1/bullets/4,表示価格を固定相場と思い込まず、現在の出品を確認したか,editorial_advice,editorial,,"This is a location-level evidence record, not a whole-page or gameplay certification.",2026-10-06 JST,0.5.5; official latest patch checked 0.5.5e (stage-tabs-2026-10-06.json addendum; claim check date unchanged),"A cited historical patch, extracted tooltip or creator guide does not certify every current variant."
seo/guides/gear-upgrade/:2:paragraphs:0,https://poe2-build-navi-jp.github.io/guides/gear-upgrade/,data/seo-pages.json,/4/sections/2/paragraphs/0,装備診断へビルド、現在Lv、困りごと、予算を入力すると、最初に確認する部位と理由を最大3件に絞ります。未登録のビルド固有情報は一般的な改善策と明示します。,editorial_advice,editorial,,"This is a location-level evidence record, not a whole-page or gameplay certification.",2026-10-06 JST,0.5.5; official latest patch checked 0.5.5e (stage-tabs-2026-10-06.json addendum; claim check date unchanged),"A cited historical patch, extracted tooltip or creator guide does not certify every current variant."
seo/guides/gear-upgrade/:3:paragraphs:0,https://poe2-build-navi-jp.github.io/guides/gear-upgrade/,data/seo-pages.json,/4/sections/3/paragraphs/0,掲載ビルドの装備優先度のうち、先頭の2項目です。武器・防具の何を見るかはビルドで大きく違うため、自分のビルドの行を確認してください。,editorial_advice,editorial,,"This is a location-level evidence record, not a whole-page or gameplay certification.",2026-10-06 JST,0.5.5; official latest patch checked 0.5.5e (stage-tabs-2026-10-06.json addendum; claim check date unchanged),"A cited historical patch, extracted tooltip or creator guide does not certify every current variant."
seo/guides/gear-upgrade/:4:bullets:0,https://poe2-build-navi-jp.github.io/guides/gear-upgrade/,data/seo-pages.json,/4/sections/4/bullets/0,PoE2の装備の主な防御は、アーマー・回避・エナジーシールドの3種類。どれを重視するかはビルドで違う。,editorial_advice,official_GGG,https://www.pathofexile.com/forum/view-thread/3932540,"This is a location-level evidence record, not a whole-page or gameplay certification.",2026-10-06 JST,0.5.5; official latest patch checked 0.5.5e (stage-tabs-2026-10-06.json addendum; claim check date unchanged),"A cited historical patch, extracted tooltip or creator guide does not certify every current variant."
seo/guides/gear-upgrade/:4:bullets:1,https://poe2-build-navi-jp.github.io/guides/gear-upgrade/,data/seo-pages.json,/4/sections/4/bullets/1,元素耐性のペナルティはAct 2で-10%、Act 3で-20%、Act 4で-30%。Interlude以降はエリアレベル54〜59で-40%、60〜64で-50%、65以上で-60%になる。進行先のエリアで、耐性が足りているか確認する。,corrected_or_qualified,secondary-clarification,https://www.poe2wiki.net/wiki/Resistance,Replace vague near-end-of-each-Act timing with table already corroborated by site cited Wiki.,2026-10-06 JST,0.5.5; official latest patch checked 0.5.5e (stage-tabs-2026-10-06.json addendum; claim check date unchanged),"A cited historical patch, extracted tooltip or creator guide does not certify every current variant."
seo/guides/gear-upgrade/:4:bullets:2,https://poe2-build-navi-jp.github.io/guides/gear-upgrade/,data/seo-pages.json,/4/sections/4/bullets/2,交換で耐性が下がった分は、ほかの部位で補えるかを先に確かめる。,editorial_advice,editorial,,"This is a location-level evidence record, not a whole-page or gameplay certification.",2026-10-06 JST,0.5.5; official latest patch checked 0.5.5e (stage-tabs-2026-10-06.json addendum; claim check date unchanged),"A cited historical patch, extracted tooltip or creator guide does not certify every current variant."
seo/guides/mapping/:0:bullets:0,https://poe2-build-navi-jp.github.io/guides/mapping/,data/seo-pages.json,/8/sections/0/bullets/0,現在のコンテンツで不足している耐性,editorial_advice,editorial,,"This is a location-level evidence record, not a whole-page or gameplay certification.",2026-10-06 JST,0.5.5; official latest patch checked 0.5.5e (stage-tabs-2026-10-06.json addendum; claim check date unchanged),"A cited historical patch, extracted tooltip or creator guide does not certify every current variant."
seo/guides/mapping/:0:bullets:1,https://poe2-build-navi-jp.github.io/guides/mapping/,data/seo-pages.json,/8/sections/0/bullets/1,ビルドが使うライフ・ES・アーマー・回避などの生存手段,editorial_advice,editorial,,"This is a location-level evidence record, not a whole-page or gameplay certification.",2026-10-06 JST,0.5.5; official latest patch checked 0.5.5e (stage-tabs-2026-10-06.json addendum; claim check date unchanged),"A cited historical patch, extracted tooltip or creator guide does not certify every current variant."
seo/guides/mapping/:0:bullets:2,https://poe2-build-navi-jp.github.io/guides/mapping/,data/seo-pages.json,/8/sections/0/bullets/2,主力スキルとサポートが現在段階どおりか,editorial_advice,editorial,,"This is a location-level evidence record, not a whole-page or gameplay certification.",2026-10-06 JST,0.5.5; official latest patch checked 0.5.5e (stage-tabs-2026-10-06.json addendum; claim check date unchanged),"A cited historical patch, extracted tooltip or creator guide does not certify every current variant."
seo/guides/mapping/:0:bullets:3,https://poe2-build-navi-jp.github.io/guides/mapping/,data/seo-pages.json,/8/sections/0/bullets/3,武器・防具・移動速度が育成段階に追いついているか,editorial_advice,editorial,,"This is a location-level evidence record, not a whole-page or gameplay certification.",2026-10-06 JST,0.5.5; official latest patch checked 0.5.5e (stage-tabs-2026-10-06.json addendum; claim check date unchanged),"A cited historical patch, extracted tooltip or creator guide does not certify every current variant."
seo/guides/mapping/:0:bullets:4,https://poe2-build-navi-jp.github.io/guides/mapping/,data/seo-pages.json,/8/sections/0/bullets/4,アセンダンシーやビルド切替の条件を満たしているか,editorial_advice,editorial,,"This is a location-level evidence record, not a whole-page or gameplay certification.",2026-10-06 JST,0.5.5; official latest patch checked 0.5.5e (stage-tabs-2026-10-06.json addendum; claim check date unchanged),"A cited historical patch, extracted tooltip or creator guide does not certify every current variant."
seo/guides/mapping/:1:paragraphs:0,https://poe2-build-navi-jp.github.io/guides/mapping/,data/seo-pages.json,/8/sections/1/paragraphs/0,最初は低い難度で主力の操作と防御を確認します。すぐ死ぬ場合は防御と回避、処理が遅い場合は武器・主力・サポート・パッシブの順に切り分けます。,editorial_advice,editorial,,"This is a location-level evidence record, not a whole-page or gameplay certification.",2026-10-06 JST,0.5.5; official latest patch checked 0.5.5e (stage-tabs-2026-10-06.json addendum; claim check date unchanged),"A cited historical patch, extracted tooltip or creator guide does not certify every current variant."
seo/guides/mapping/:2:paragraphs:0,https://poe2-build-navi-jp.github.io/guides/mapping/,data/seo-pages.json,/8/sections/2/paragraphs/0,移行条件はビルドごとに異なります。確認済みロードマップのMapping開始段階を開き、現在Lvと切替条件を優先してください。,editorial_advice,editorial,,"This is a location-level evidence record, not a whole-page or gameplay certification.",2026-10-06 JST,0.5.5; official latest patch checked 0.5.5e (stage-tabs-2026-10-06.json addendum; claim check date unchanged),"A cited historical patch, extracted tooltip or creator guide does not certify every current variant."
R01,https://poe2-build-navi-jp.github.io/poe2-1-0/ | https://poe2-build-navi-jp.github.io/poe2-1-0/release-date/ | https://poe2-build-navi-jp.github.io/poe2-1-0/how-to-start/ | https://poe2-build-navi-jp.github.io/poe2-1-0/duelist/ | https://poe2-build-navi-jp.github.io/what-is-poe2/ | https://poe2-build-navi-jp.github.io/beginner-guide/,data/seo-pages.json and shared page data,,【主張グループ】1.0の公開予定日・基本無料・Duelist。正確な現行文言はリンク先本文を参照。,confirmed_as_scoped,primary_or_direct_interview,https://www.pathofexile.com/forum/view-thread/3999366 | https://www.pathofexile.com/forum/view-thread/3999858 | https://www.pathofexile.com/forum/view-thread/4007706,"Grouped release/platform claim. Confirmation is limited to the cited announcement or documentation, not an executed test.",2026-10-06 JST,0.5.5; official latest patch checked 0.5.5e (stage-tabs-2026-10-06.json addendum; claim check date unchanged),"A cited historical patch, extracted tooltip or creator guide does not certify every current variant."
R02,https://poe2-build-navi-jp.github.io/poe2-1-0/ | https://poe2-build-navi-jp.github.io/what-is-poe2/ | https://poe2-build-navi-jp.github.io/beginner-guide/,data/seo-pages.json and shared page data,,【主張グループ】公開予定日のタイムゾーン。正確な現行文言はリンク先本文を参照。,corrected_or_qualified,primary_or_direct_interview,https://www.pathofexile.com/forum/view-thread/3999366,"Grouped release/platform claim. Confirmation is limited to the cited announcement or documentation, not an executed test. Corrected or scoped in PR17 or the final citation pass; the initial CSV describes the pre-correction claim.",2026-10-06 JST,0.5.5; official latest patch checked 0.5.5e (stage-tabs-2026-10-06.json addendum; claim check date unchanged),"A cited historical patch, extracted tooltip or creator guide does not certify every current variant."
R03,https://poe2-build-navi-jp.github.io/poe2-1-0/release-date/,data/seo-pages.json and shared page data,,【主張グループ】確認した発表における開始時刻。正確な現行文言はリンク先本文を参照。,confirmed_as_scoped,primary_or_direct_interview,https://www.pathofexile.com/forum/view-thread/3999366 | https://www.pathofexile.com/forum/view-thread/4007706,"Grouped release/platform claim. Confirmation is limited to the cited announcement or documentation, not an executed test.",2026-10-06 JST,0.5.5; official latest patch checked 0.5.5e (stage-tabs-2026-10-06.json addendum; claim check date unchanged),"A cited historical patch, extracted tooltip or creator guide does not certify every current variant."
R04,https://poe2-build-navi-jp.github.io/guides/poe2-0-5-5-builds/ | https://poe2-build-navi-jp.github.io/guides/forbidden-rites-beginner/ | https://poe2-build-navi-jp.github.io/poe2-1-0/release-date/,data/seo-pages.json and shared page data,,【主張グループ】Forbidden Ritesの開始日時・内容。正確な現行文言はリンク先本文を参照。,corrected_or_qualified,primary_or_direct_interview,https://www.pathofexile.com/forum/view-thread/3999858 | https://www.pathofexile.com/forum/view-thread/4000430,"Grouped release/platform claim. Confirmation is limited to the cited announcement or documentation, not an executed test. Corrected or scoped in PR17 or the final citation pass; the initial CSV describes the pre-correction claim.",2026-10-06 JST,0.5.5; official latest patch checked 0.5.5e (stage-tabs-2026-10-06.json addendum; claim check date unchanged),"A cited historical patch, extracted tooltip or creator guide does not certify every current variant."
R05,https://poe2-build-navi-jp.github.io/ | https://poe2-build-navi-jp.github.io/beginner-guide/ | https://poe2-build-navi-jp.github.io/builds/,data/seo-pages.json and shared page data,,【主張グループ】最新パッチとビルド確認日の区別。正確な現行文言はリンク先本文を参照。,confirmed_as_scoped,primary_or_direct_interview,https://www.pathofexile.com/forum/view-thread/4008534 | https://www.pathofexile.com/forum/view-forum/2212,"Grouped release/platform claim. Confirmation is limited to the cited announcement or documentation, not an executed test.",2026-10-06 JST,0.5.5; official latest patch checked 0.5.5e (stage-tabs-2026-10-06.json addendum; claim check date unchanged),"A cited historical patch, extracted tooltip or creator guide does not certify every current variant."
R06,https://poe2-build-navi-jp.github.io/poe2-1-0/release-date/ | https://poe2-build-navi-jp.github.io/poe2-1-0/how-to-start/ | https://poe2-build-navi-jp.github.io/poe2-1-0/duelist/ | https://poe2-build-navi-jp.github.io/poe2-1-0/pre-registration/,data/seo-pages.json and shared page data,,【主張グループ】ExileConの日程と場所。正確な現行文言はリンク先本文を参照。,confirmed_as_scoped,primary_or_direct_interview,https://pathofexile2.com/th/exilecon,"Grouped release/platform claim. Confirmation is limited to the cited announcement or documentation, not an executed test.",2026-10-06 JST,0.5.5; official latest patch checked 0.5.5e (stage-tabs-2026-10-06.json addendum; claim check date unchanged),"A cited historical patch, extracted tooltip or creator guide does not certify every current variant."
R07,https://poe2-build-navi-jp.github.io/poe2-1-0/release-date/ | https://poe2-build-navi-jp.github.io/poe2-1-0/duelist/,data/seo-pages.json and shared page data,,【主張グループ】発表・Deep Dive・Steam Deck認証の時系列。正確な現行文言はリンク先本文を参照。,confirmed_as_scoped,primary_or_direct_interview,https://www.pathofexile.com/forum/view-thread/3999366 | https://www.pathofexile.com/forum/view-thread/3999858 | https://www.pathofexile.com/forum/view-thread/4007706,"Grouped release/platform claim. Confirmation is limited to the cited announcement or documentation, not an executed test.",2026-10-06 JST,0.5.5; official latest patch checked 0.5.5e (stage-tabs-2026-10-06.json addendum; claim check date unchanged),"A cited historical patch, extracted tooltip or creator guide does not certify every current variant."
R08,https://poe2-build-navi-jp.github.io/poe2-1-0/duelist/,data/seo-pages.json and shared page data,,【主張グループ】gamescom試遊の来場数・会場。正確な現行文言はリンク先本文を参照。,confirmed_as_scoped,primary_or_direct_interview,https://www.pathofexile.com/forum/view-thread/4002197 | https://www.pathofexile.com/forum/view-thread/3996271,"Grouped release/platform claim. Confirmation is limited to the cited announcement or documentation, not an executed test.",2026-10-06 JST,0.5.5; official latest patch checked 0.5.5e (stage-tabs-2026-10-06.json addendum; claim check date unchanged),"A cited historical patch, extracted tooltip or creator guide does not certify every current variant."
R09,https://poe2-build-navi-jp.github.io/poe2-1-0/duelist/,data/seo-pages.json and shared page data,,【主張グループ】Duelistの公開情報と本サイト未確認の区別。正確な現行文言はリンク先本文を参照。,corrected_or_qualified,primary_or_direct_interview,https://www.pathofexile.com/forum/view-thread/3999858 | https://www.youtube.com/watch?v=WMo3RYyr4vY | https://www.pcgamesn.com/path-of-exile-2/1-0-interview-melee-duelist-swords,"Grouped release/platform claim. Confirmation is limited to the cited announcement or documentation, not an executed test. Corrected or scoped in PR17 or the final citation pass; the initial CSV describes the pre-correction claim.",2026-10-06 JST,0.5.5; official latest patch checked 0.5.5e (stage-tabs-2026-10-06.json addendum; claim check date unchanged),"A cited historical patch, extracted tooltip or creator guide does not certify every current variant."
R10,https://poe2-build-navi-jp.github.io/poe2-1-0/duelist/,data/seo-pages.json and shared page data,,【主張グループ】Duelistの剣と正式版詳細の区別。正確な現行文言はリンク先本文を参照。,corrected_or_qualified,primary_or_direct_interview,https://www.pcgamesn.com/path-of-exile-2/1-0-interview-melee-duelist-swords | https://www.pathofexile.com/forum/view-thread/4002197,"Grouped release/platform claim. Confirmation is limited to the cited announcement or documentation, not an executed test. Corrected or scoped in PR17 or the final citation pass; the initial CSV describes the pre-correction claim.",2026-10-06 JST,0.5.5; official latest patch checked 0.5.5e (stage-tabs-2026-10-06.json addendum; claim check date unchanged),"A cited historical patch, extracted tooltip or creator guide does not certify every current variant."
R11,https://poe2-build-navi-jp.github.io/poe2-1-0/build-status/,data/seo-pages.json and shared page data,,【主張グループ】1.0のビルド確認方針。正確な現行文言はリンク先本文を参照。,editorial_advice,primary_or_direct_interview,https://www.pathofexile.com/forum/view-thread/3999366,"Grouped release/platform claim. Confirmation is limited to the cited announcement or documentation, not an executed test.",2026-10-06 JST,0.5.5; official latest patch checked 0.5.5e (stage-tabs-2026-10-06.json addendum; claim check date unchanged),"A cited historical patch, extracted tooltip or creator guide does not certify every current variant."
R12,https://poe2-build-navi-jp.github.io/poe2-1-0/release-date/ | https://poe2-build-navi-jp.github.io/poe2-1-0/how-to-start/,data/seo-pages.json and shared page data,,【主張グループ】EAキャラクター保持方針。正確な現行文言はリンク先本文を参照。,corrected_or_qualified,primary_or_direct_interview,https://www.pathofexile.com/forum/view-thread/3587981,"Grouped release/platform claim. Confirmation is limited to the cited announcement or documentation, not an executed test. Corrected or scoped in PR17 or the final citation pass; the initial CSV describes the pre-correction claim.",2026-10-06 JST,0.5.5; official latest patch checked 0.5.5e (stage-tabs-2026-10-06.json addendum; claim check date unchanged),"A cited historical patch, extracted tooltip or creator guide does not certify every current variant."
R13,https://poe2-build-navi-jp.github.io/poe2-1-0/how-to-start/ | https://poe2-build-navi-jp.github.io/poe2-1-0/release-date/ | https://poe2-build-navi-jp.github.io/what-is-poe2/,data/seo-pages.json and shared page data,,【主張グループ】EAアクセス権の取得条件。正確な現行文言はリンク先本文を参照。,corrected_or_qualified,primary_or_direct_interview,https://www.pathofexile.com/forum/view-thread/3587981,"Grouped release/platform claim. Confirmation is limited to the cited announcement or documentation, not an executed test. Corrected or scoped in PR17 or the final citation pass; the initial CSV describes the pre-correction claim.",2026-10-06 JST,0.5.5; official latest patch checked 0.5.5e (stage-tabs-2026-10-06.json addendum; claim check date unchanged),"A cited historical patch, extracted tooltip or creator guide does not certify every current variant."
R14,https://poe2-build-navi-jp.github.io/poe2-1-0/how-to-start/ | https://poe2-build-navi-jp.github.io/what-is-poe2/ | https://poe2-build-navi-jp.github.io/poe2-1-0/controller/ | https://poe2-build-navi-jp.github.io/poe2-1-0/system-requirements/,data/seo-pages.json and shared page data,,【主張グループ】対応プラットフォームと進行共有。正確な現行文言はリンク先本文を参照。,confirmed_as_scoped,primary_or_direct_interview,https://www.pathofexile.com/forum/view-thread/3587981 | https://www.pathofexile.com/forum/view-thread/3586288/filter-account-type/staff,"Grouped release/platform claim. Confirmation is limited to the cited announcement or documentation, not an executed test.",2026-10-06 JST,0.5.5; official latest patch checked 0.5.5e (stage-tabs-2026-10-06.json addendum; claim check date unchanged),"A cited historical patch, extracted tooltip or creator guide does not certify every current variant."
R15,https://poe2-build-navi-jp.github.io/poe2-1-0/how-to-start/ | https://poe2-build-navi-jp.github.io/what-is-poe2/ | https://poe2-build-navi-jp.github.io/poe2-1-0/controller/,data/seo-pages.json and shared page data,,【主張グループ】サブアカウントと機種別アクセス権。正確な現行文言はリンク先本文を参照。,corrected_or_qualified,primary_or_direct_interview,https://www.pathofexile.com/forum/view-thread/3586288/filter-account-type/staff | https://www.pathofexile.com/forum/view-thread/3589964,"Grouped release/platform claim. Confirmation is limited to the cited announcement or documentation, not an executed test. Corrected or scoped in PR17 or the final citation pass; the initial CSV describes the pre-correction claim.",2026-10-06 JST,0.5.5; official latest patch checked 0.5.5e (stage-tabs-2026-10-06.json addendum; claim check date unchanged),"A cited historical patch, extracted tooltip or creator guide does not certify every current variant."
R16,https://poe2-build-navi-jp.github.io/poe2-1-0/how-to-start/ | https://poe2-build-navi-jp.github.io/poe2-1-0/microtransactions/ | https://poe2-build-navi-jp.github.io/poe2-1-0/controller/ | https://poe2-build-navi-jp.github.io/what-is-poe2/,data/seo-pages.json and shared page data,,【主張グループ】PlayStationの課金アイテム共有制限。正確な現行文言はリンク先本文を参照。,corrected_or_qualified,primary_or_direct_interview,https://www.pathofexile.com/forum/view-thread/3586288/filter-account-type/staff,"Grouped release/platform claim. Confirmation is limited to the cited announcement or documentation, not an executed test. Corrected or scoped in PR17 or the final citation pass; the initial CSV describes the pre-correction claim.",2026-10-06 JST,0.5.5; official latest patch checked 0.5.5e (stage-tabs-2026-10-06.json addendum; claim check date unchanged),"A cited historical patch, extracted tooltip or creator guide does not certify every current variant."
R17,https://poe2-build-navi-jp.github.io/poe2-1-0/how-to-start/,data/seo-pages.json and shared page data,,【主張グループ】正式版の全ストアでの最終入手手順。正確な現行文言はリンク先本文を参照。,narrowed,official_announcement / official_documentation,https://www.pathofexile.com/forum/view-thread/3999366 | https://www.pathofexile.com/forum/view-thread/3587981 | https://www.pathofexile.com/forum/view-thread/3999673,基本無料の公開予定だけを公式発表で確認。各ストアの最終手順・将来の実装は未確認。,2026-10-06 JST,0.5.5; official latest patch checked 0.5.5e (stage-tabs-2026-10-06.json addendum; claim check date unchanged),"A cited historical patch, extracted tooltip or creator guide does not certify every current variant."
R18,https://poe2-build-navi-jp.github.io/poe2-1-0/system-requirements/ | https://poe2-build-navi-jp.github.io/poe2-1-0/how-to-start/ | https://poe2-build-navi-jp.github.io/what-is-poe2/,data/seo-pages.json and shared page data,,【主張グループ】Steamの現行Windows要件。正確な現行文言はリンク先本文を参照。,confirmed_as_scoped,primary_or_direct_interview,https://store.steampowered.com/app/2694490/Path_of_Exile_2/,"Grouped release/platform claim. Confirmation is limited to the cited announcement or documentation, not an executed test.",2026-10-06 JST,0.5.5; official latest patch checked 0.5.5e (stage-tabs-2026-10-06.json addendum; claim check date unchanged),"A cited historical patch, extracted tooltip or creator guide does not certify every current variant."
R19,https://poe2-build-navi-jp.github.io/poe2-1-0/system-requirements/,data/seo-pages.json and shared page data,,【主張グループ】Ryzen 3700Xの製品名とSteam原文。正確な現行文言はリンク先本文を参照。,confirmed_as_scoped,primary_or_direct_interview,https://store.steampowered.com/app/2694490/Path_of_Exile_2/ | https://www.amd.com/en/support/downloads/drivers.html/processors/ryzen/ryzen-3000-series/amd-ryzen-7-3700x.html,"Grouped release/platform claim. Confirmation is limited to the cited announcement or documentation, not an executed test.",2026-10-06 JST,0.5.5; official latest patch checked 0.5.5e (stage-tabs-2026-10-06.json addendum; claim check date unchanged),"A cited historical patch, extracted tooltip or creator guide does not certify every current variant."
R20,https://poe2-build-navi-jp.github.io/poe2-1-0/system-requirements/ | https://poe2-build-navi-jp.github.io/poe2-1-0/how-to-start/ | https://poe2-build-navi-jp.github.io/what-is-poe2/,data/seo-pages.json and shared page data,,【主張グループ】macOSの現行対応表示。正確な現行文言はリンク先本文を参照。,corrected_or_qualified,primary_or_direct_interview,https://store.steampowered.com/api/appdetails?appids=2694490 | https://www.pathofexile.com/forum/view-thread/3587981,"Grouped release/platform claim. Confirmation is limited to the cited announcement or documentation, not an executed test. Corrected or scoped in PR17 or the final citation pass; the initial CSV describes the pre-correction claim.",2026-10-06 JST,0.5.5; official latest patch checked 0.5.5e (stage-tabs-2026-10-06.json addendum; claim check date unchanged),"A cited historical patch, extracted tooltip or creator guide does not certify every current variant."
R21,https://poe2-build-navi-jp.github.io/poe2-1-0/system-requirements/,data/seo-pages.json and shared page data,,【主張グループ】Windowsスペック・空き容量確認手順。正確な現行文言はリンク先本文を参照。,documentation_confirmed,primary_or_direct_interview,https://store.steampowered.com/app/2694490/Path_of_Exile_2/ | https://support.microsoft.com/en-us/windows/experience/find-information-about-your-windows-device | https://support.microsoft.com/en-us/windows/hardware/display-graphics/microsoft-basic-display-adapter-in-windows | https://www.hp.com/us-en/tech-takes/desktops/explainer/how-to-check-pc-specs-what-they-mean.html | https://support.microsoft.com/en-us/windows/experience/storage-filemanagement/free-up-drive-space-in-windows,Windows procedures supported by Microsoft/HP; no actual hardware or current Japanese-client test.,2026-10-06 JST,0.5.5; official latest patch checked 0.5.5e (stage-tabs-2026-10-06.json addendum; claim check date unchanged),"A cited historical patch, extracted tooltip or creator guide does not certify every current variant."
R22,https://poe2-build-navi-jp.github.io/poe2-1-0/japanese/ | https://poe2-build-navi-jp.github.io/poe2-1-0/system-requirements/ | https://poe2-build-navi-jp.github.io/what-is-poe2/,data/seo-pages.json and shared page data,,【主張グループ】日本語表示・字幕・音声の対応。正確な現行文言はリンク先本文を参照。,confirmed_as_scoped,primary_or_direct_interview,https://store.steampowered.com/app/2694490/Path_of_Exile_2/,"Grouped release/platform claim. Confirmation is limited to the cited announcement or documentation, not an executed test.",2026-10-06 JST,0.5.5; official latest patch checked 0.5.5e (stage-tabs-2026-10-06.json addendum; claim check date unchanged),"A cited historical patch, extracted tooltip or creator guide does not certify every current variant."
R23,https://poe2-build-navi-jp.github.io/poe2-1-0/japanese/,data/seo-pages.json and shared page data,,【主張グループ】現行ゲーム内の日本語設定手順。正確な現行文言はリンク先本文を参照。,client_verification_not_performed,primary_or_direct_interview,https://store.steampowered.com/app/2694490/Path_of_Exile_2/,"Grouped release/platform claim. Confirmation is limited to the cited announcement or documentation, not an executed test. Existing qualification remains; no real-client certification.",2026-10-06 JST,0.5.5; official latest patch checked 0.5.5e (stage-tabs-2026-10-06.json addendum; claim check date unchanged),"A cited historical patch, extracted tooltip or creator guide does not certify every current variant."
R24,https://poe2-build-navi-jp.github.io/poe2-1-0/japanese/,data/seo-pages.json and shared page data,,【主張グループ】未確認の日本語設定・音声・翻訳報告。正確な現行文言はリンク先本文を参照。,editorial_advice,primary_or_direct_interview,https://store.steampowered.com/app/2694490/Path_of_Exile_2/,"Grouped release/platform claim. Confirmation is limited to the cited announcement or documentation, not an executed test.",2026-10-06 JST,0.5.5; official latest patch checked 0.5.5e (stage-tabs-2026-10-06.json addendum; claim check date unchanged),"A cited historical patch, extracted tooltip or creator guide does not certify every current variant."
R25,https://poe2-build-navi-jp.github.io/poe2-1-0/controller/ | https://poe2-build-navi-jp.github.io/poe2-1-0/system-requirements/,data/seo-pages.json and shared page data,,【主張グループ】Steamのコントローラー対応表示。正確な現行文言はリンク先本文を参照。,confirmed_as_scoped,primary_or_direct_interview,https://store.steampowered.com/api/appdetails?appids=2694490,"Grouped release/platform claim. Confirmation is limited to the cited announcement or documentation, not an executed test.",2026-10-06 JST,0.5.5; official latest patch checked 0.5.5e (stage-tabs-2026-10-06.json addendum; claim check date unchanged),"A cited historical patch, extracted tooltip or creator guide does not certify every current variant."
R26,https://poe2-build-navi-jp.github.io/poe2-1-0/controller/,data/seo-pages.json and shared page data,,【主張グループ】現行クライアントの入力操作・UI手順。正確な現行文言はリンク先本文を参照。,client_verification_not_performed,primary_or_direct_interview,https://www.pathofexile.com/forum/view-thread/3826682/filter-account-type/staff,"Grouped release/platform claim. Confirmation is limited to the cited announcement or documentation, not an executed test. Existing qualification remains; no real-client certification.",2026-10-06 JST,0.5.5; official latest patch checked 0.5.5e (stage-tabs-2026-10-06.json addendum; claim check date unchanged),"A cited historical patch, extracted tooltip or creator guide does not certify every current variant."
R27,https://poe2-build-navi-jp.github.io/poe2-1-0/controller/,data/seo-pages.json and shared page data,,【主張グループ】個別コントローラー・接続方式。正確な現行文言はリンク先本文を参照。,editorial_advice,primary_or_direct_interview,https://store.steampowered.com/api/appdetails?appids=2694490,"Grouped release/platform claim. Confirmation is limited to the cited announcement or documentation, not an executed test.",2026-10-06 JST,0.5.5; official latest patch checked 0.5.5e (stage-tabs-2026-10-06.json addendum; claim check date unchanged),"A cited historical patch, extracted tooltip or creator guide does not certify every current variant."
R28,https://poe2-build-navi-jp.github.io/poe2-1-0/pre-registration/ | https://poe2-build-navi-jp.github.io/poe2-1-0/release-date/,data/seo-pages.json and shared page data,,【主張グループ】事前登録のメール確認・条件。正確な現行文言はリンク先本文を参照。,confirmed_as_scoped,primary_or_direct_interview,https://www.pathofexile.com/forum/view-thread/3999673,"Grouped release/platform claim. Confirmation is limited to the cited announcement or documentation, not an executed test.",2026-10-06 JST,0.5.5; official latest patch checked 0.5.5e (stage-tabs-2026-10-06.json addendum; claim check date unchanged),"A cited historical patch, extracted tooltip or creator guide does not certify every current variant."
R29,https://poe2-build-navi-jp.github.io/poe2-1-0/pre-registration/ | https://poe2-build-navi-jp.github.io/poe2-1-0/release-date/,data/seo-pages.json and shared page data,,【主張グループ】事前登録報酬と締切。正確な現行文言はリンク先本文を参照。,confirmed_as_scoped,primary_or_direct_interview,https://www.pathofexile.com/forum/view-thread/4007322 | https://www.pathofexile.com/forum/view-thread/3999673,"Grouped release/platform claim. Confirmation is limited to the cited announcement or documentation, not an executed test.",2026-10-06 JST,0.5.5; official latest patch checked 0.5.5e (stage-tabs-2026-10-06.json addendum; claim check date unchanged),"A cited historical patch, extracted tooltip or creator guide does not certify every current variant."
R30,https://poe2-build-navi-jp.github.io/poe2-1-0/pre-registration/,data/seo-pages.json and shared page data,,【主張グループ】早めの事前登録に関する推奨。正確な現行文言はリンク先本文を参照。,corrected_or_qualified,primary_or_direct_interview,https://www.pathofexile.com/forum/view-thread/4007322 | https://www.pathofexile.com/forum/view-thread/3999673 | https://www.pathofexile.com/forum/view-thread/4000887,"Grouped release/platform claim. Confirmation is limited to the cited announcement or documentation, not an executed test. Corrected or scoped in PR17 or the final citation pass; the initial CSV describes the pre-correction claim.",2026-10-06 JST,0.5.5; official latest patch checked 0.5.5e (stage-tabs-2026-10-06.json addendum; claim check date unchanged),"A cited historical patch, extracted tooltip or creator guide does not certify every current variant."
R31,https://poe2-build-navi-jp.github.io/poe2-1-0/microtransactions/ | https://poe2-build-navi-jp.github.io/what-is-poe2/,data/seo-pages.json and shared page data,,【主張グループ】基本無料・課金方針と収納の利便性。正確な現行文言はリンク先本文を参照。,confirmed_as_scoped,primary_or_direct_interview,https://www.pathofexile.com/forum/view-thread/3999366 | https://store.steampowered.com/app/2694490/Path_of_Exile_2/ | https://www.pathofexile.com/forum/view-thread/3587981,"Grouped release/platform claim. Confirmation is limited to the cited announcement or documentation, not an executed test.",2026-10-06 JST,0.5.5; official latest patch checked 0.5.5e (stage-tabs-2026-10-06.json addendum; claim check date unchanged),"A cited historical patch, extracted tooltip or creator guide does not certify every current variant."
R32,https://poe2-build-navi-jp.github.io/poe2-1-0/microtransactions/,data/seo-pages.json and shared page data,,【主張グループ】スタッシュ購入優先度の助言。正確な現行文言はリンク先本文を参照。,editorial_advice,primary_or_direct_interview,https://www.pathofexile.com/forum/view-thread/3723891,"Grouped release/platform claim. Confirmation is limited to the cited announcement or documentation, not an executed test.",2026-10-06 JST,0.5.5; official latest patch checked 0.5.5e (stage-tabs-2026-10-06.json addendum; claim check date unchanged),"A cited historical patch, extracted tooltip or creator guide does not certify every current variant."
R33,https://poe2-build-navi-jp.github.io/poe2-1-0/microtransactions/,data/seo-pages.json and shared page data,,【主張グループ】取引用タブの用途と解禁条件。正確な現行文言はリンク先本文を参照。,corrected_or_qualified,primary_or_direct_interview,https://www.pathofexile.com/forum/view-thread/3723891 | https://www.pathofexile.com/forum/view-thread/3827171 | https://www.pathofexile.com/forum/view-thread/3928505,"Grouped release/platform claim. Confirmation is limited to the cited announcement or documentation, not an executed test. Corrected or scoped in PR17 or the final citation pass; the initial CSV describes the pre-correction claim.",2026-10-06 JST,0.5.5; official latest patch checked 0.5.5e (stage-tabs-2026-10-06.json addendum; claim check date unchanged),"A cited historical patch, extracted tooltip or creator guide does not certify every current variant."
R34,https://poe2-build-navi-jp.github.io/poe2-1-0/microtransactions/,data/seo-pages.json and shared page data,,【主張グループ】タブの利便性に関する主観評価。正確な現行文言はリンク先本文を参照。,editorial_advice,primary_or_direct_interview,,"Grouped release/platform claim. Confirmation is limited to the cited announcement or documentation, not an executed test.",2026-10-06 JST,0.5.5; official latest patch checked 0.5.5e (stage-tabs-2026-10-06.json addendum; claim check date unchanged),"A cited historical patch, extracted tooltip or creator guide does not certify every current variant."
R35,https://poe2-build-navi-jp.github.io/poe2-1-0/microtransactions/ | https://poe2-build-navi-jp.github.io/what-is-poe2/,data/seo-pages.json and shared page data,,【主張グループ】既存アカウント・対応課金品の利用。正確な現行文言はリンク先本文を参照。,confirmed_as_scoped,primary_or_direct_interview,https://www.pathofexile.com/forum/view-thread/3587981 | https://www.pathofexile.com/forum/view-thread/3586288/filter-account-type/staff,"Grouped release/platform claim. Confirmation is limited to the cited announcement or documentation, not an executed test.",2026-10-06 JST,0.5.5; official latest patch checked 0.5.5e (stage-tabs-2026-10-06.json addendum; claim check date unchanged),"A cited historical patch, extracted tooltip or creator guide does not certify every current variant."
R36,https://poe2-build-navi-jp.github.io/what-is-poe2/,data/seo-pages.json and shared page data,,【主張グループ】開発元・ジャンル・EA開始・協力人数。正確な現行文言はリンク先本文を参照。,confirmed_as_scoped,primary_or_direct_interview,https://store.steampowered.com/app/2694490/Path_of_Exile_2/ | https://www.pathofexile.com/forum/view-thread/3587981,"Grouped release/platform claim. Confirmation is limited to the cited announcement or documentation, not an executed test.",2026-10-06 JST,0.5.5; official latest patch checked 0.5.5e (stage-tabs-2026-10-06.json addendum; claim check date unchanged),"A cited historical patch, extracted tooltip or creator guide does not certify every current variant."
R37,https://poe2-build-navi-jp.github.io/what-is-poe2/,data/seo-pages.json and shared page data,,【主張グループ】PoE1の正式発売日。正確な現行文言はリンク先本文を参照。,confirmed_as_scoped,primary_or_direct_interview,https://store.steampowered.com/app/238960/Path_of_Exile/,"Grouped release/platform claim. Confirmation is limited to the cited announcement or documentation, not an executed test.",2026-10-06 JST,0.5.5; official latest patch checked 0.5.5e (stage-tabs-2026-10-06.json addendum; claim check date unchanged),"A cited historical patch, extracted tooltip or creator guide does not certify every current variant."
R38,https://poe2-build-navi-jp.github.io/what-is-poe2/ | https://poe2-build-navi-jp.github.io/ | https://poe2-build-navi-jp.github.io/classes/,data/seo-pages.json and shared page data,,【主張グループ】現在のEA職業数。正確な現行文言はリンク先本文を参照。,confirmed_as_scoped,primary_or_direct_interview,https://www.pathofexile.com/forum/view-thread/3913251 | https://www.pathofexile.com/forum/view-thread/3932540 | https://www.pathofexile.com/forum/view-thread/4000430,"Grouped release/platform claim. Confirmation is limited to the cited announcement or documentation, not an executed test.",2026-10-06 JST,0.5.5; official latest patch checked 0.5.5e (stage-tabs-2026-10-06.json addendum; claim check date unchanged),"A cited historical patch, extracted tooltip or creator guide does not certify every current variant."
R39,https://poe2-build-navi-jp.github.io/what-is-poe2/,data/seo-pages.json and shared page data,,【主張グループ】ビルドの組合せとEndgame。正確な現行文言はリンク先本文を参照。,confirmed_as_scoped,primary_or_direct_interview,https://store.steampowered.com/app/2694490/Path_of_Exile_2/,"Grouped release/platform claim. Confirmation is limited to the cited announcement or documentation, not an executed test.",2026-10-06 JST,0.5.5; official latest patch checked 0.5.5e (stage-tabs-2026-10-06.json addendum; claim check date unchanged),"A cited historical patch, extracted tooltip or creator guide does not certify every current variant."
R40,https://poe2-build-navi-jp.github.io/poe2-1-0/release-date/,data/seo-pages.json and shared page data,,【主張グループ】発売日発表の出典帰属。正確な現行文言はリンク先本文を参照。,corrected_or_qualified,primary_or_direct_interview,https://www.pathofexile.com/forum/view-thread/3999366,"Grouped release/platform claim. Confirmation is limited to the cited announcement or documentation, not an executed test. Corrected or scoped in PR17 or the final citation pass; the initial CSV describes the pre-correction claim.",2026-10-06 JST,0.5.5; official latest patch checked 0.5.5e (stage-tabs-2026-10-06.json addendum; claim check date unchanged),"A cited historical patch, extracted tooltip or creator guide does not certify every current variant."
